raw/disc/disc_proportion_expert_pred,raw/disc/global_step,raw/disc/disc_acc,raw/disc/n_generated,raw/disc/n_expert,raw/disc/disc_loss,raw/disc/disc_entropy,raw/disc/disc_acc_expert,raw/disc/disc_acc_gen,raw/disc/disc_proportion_expert_true
0.5,108386,1.0,32.0,32.0,0.0,0.0,1.0,1.0,0.5
0.5,108386,1.0,32.0,32.0,0.0,0.0,1.0,1.0,0.5
0.5,108387,1.0,32.0,32.0,0.0,0.0,1.0,1.0,0.5
0.5,108387,1.0,32.0,32.0,0.0,0.0,1.0,1.0,0.5
0.5,108388,1.0,32.0,32.0,0.0,0.0,1.0,1.0,0.5
0.5,108388,1.0,32.0,32.0,0.0,0.0,1.0,1.0,0.5
0.5,108389,1.0,32.0,32.0,0.0,0.0,1.0,1.0,0.5
0.5,108389,1.0,32.0,32.0,0.0,0.0,1.0,1.0,0.5
0.5,108390,1.0,32.0,32.0,0.0,0.0,1.0,1.0,0.5
0.5,108390,1.0,32.0,32.0,0.0,0.0,1.0,1.0,0.5
0.5,108391,1.0,32.0,32.0,0.0,0.0,1.0,1.0,0.5
0.5,108391,1.0,32.0,32.0,0.0,0.0,1.0,1.0,0.5
0.5,108392,1.0,32.0,32.0,0.0,0.0,1.0,1.0,0.5
0.5,108392,1.0,32.0,32.0,0.0,0.0,1.0,1.0,0.5
0.5,108393,1.0,32.0,32.0,0.0,0.0,1.0,1.0,0.5
0.5,108393,1.0,32.0,32.0,0.0,0.0,1.0,1.0,0.5
0.5,108394,1.0,32.0,32.0,0.0,0.0,1.0,1.0,0.5
0.5,108394,1.0,32.0,32.0,0.0,0.0,1.0,1.0,0.5
0.5,108395,1.0,32.0,32.0,0.0,0.0,1.0,1.0,0.5
0.5,108395,1.0,32.0,32.0,0.0,0.0,1.0,1.0,0.5
0.5,108396,1.0,32.0,32.0,0.0,0.0,1.0,1.0,0.5
0.5,108396,1.0,32.0,32.0,0.0,0.0,1.0,1.0,0.5
0.5,108397,1.0,32.0,32.0,0.0,0.0,1.0,1.0,0.5
0.5,108397,1.0,32.0,32.0,0.0,0.0,1.0,1.0,0.5
0.5,108398,1.0,32.0,32.0,0.0,0.0,1.0,1.0,0.5
0.5,108398,1.0,32.0,32.0,0.0,0.0,1.0,1.0,0.5
0.5,108399,1.0,32.0,32.0,0.0,0.0,1.0,1.0,0.5
0.5,108399,1.0,32.0,32.0,0.0,0.0,1.0,1.0,0.5
0.5,108400,1.0,32.0,32.0,0.0,0.0,1.0,1.0,0.5
0.5,108400,1.0,32.0,32.0,0.0,0.0,1.0,1.0,0.5
0.5,108401,1.0,32.0,32.0,0.0,0.0,1.0,1.0,0.5
0.5,108401,1.0,32.0,32.0,0.0,0.0,1.0,1.0,0.5
0.5,108402,1.0,32.0,32.0,0.0,0.0,1.0,1.0,0.5
0.5,108402,1.0,32.0,32.0,0.0,0.0,1.0,1.0,0.5
0.5,108403,1.0,32.0,32.0,0.0,0.0,1.0,1.0,0.5
0.5,108403,1.0,32.0,32.0,0.0,0.0,1.0,1.0,0.5
0.5,108404,1.0,32.0,32.0,0.0,0.0,1.0,1.0,0.5
0.5,108404,1.0,32.0,32.0,0.0,0.0,1.0,1.0,0.5
0.5,108405,1.0,32.0,32.0,0.0,0.0,1.0,1.0,0.5
0.5,108405,1.0,32.0,32.0,0.0,0.0,1.0,1.0,0.5
0.5,108406,1.0,32.0,32.0,0.0,0.0,1.0,1.0,0.5
0.5,108406,1.0,32.0,32.0,0.0,0.0,1.0,1.0,0.5
0.5,108407,1.0,32.0,32.0,0.0,0.0,1.0,1.0,0.5
0.5,108407,1.0,32.0,32.0,0.0,0.0,1.0,1.0,0.5
0.5,108408,1.0,32.0,32.0,0.0,0.0,1.0,1.0,0.5
0.5,108408,1.0,32.0,32.0,0.0,0.0,1.0,1.0,0.5
0.5,108409,1.0,32.0,32.0,0.0,0.0,1.0,1.0,0.5
0.5,108409,1.0,32.0,32.0,0.0,0.0,1.0,1.0,0.5
0.5,108410,1.0,32.0,32.0,0.0,0.0,1.0,1.0,0.5
0.5,108410,1.0,32.0,32.0,0.0,0.0,1.0,1.0,0.5
0.5,108411,1.0,32.0,32.0,0.0,0.0,1.0,1.0,0.5
0.5,108411,1.0,32.0,32.0,0.0,0.0,1.0,1.0,0.5
0.5,108412,1.0,32.0,32.0,0.0,0.0,1.0,1.0,0.5
0.5,108412,1.0,32.0,32.0,0.0,0.0,1.0,1.0,0.5
0.5,108413,1.0,32.0,32.0,0.0,0.0,1.0,1.0,0.5
0.5,108413,1.0,32.0,32.0,0.0,0.0,1.0,1.0,0.5
0.5,108414,1.0,32.0,32.0,0.0,0.0,1.0,1.0,0.5
0.5,108414,1.0,32.0,32.0,0.0,0.0,1.0,1.0,0.5
0.5,108415,1.0,32.0,32.0,0.0,0.0,1.0,1.0,0.5
0.5,108415,1.0,32.0,32.0,0.0,0.0,1.0,1.0,0.5
0.5,108416,1.0,32.0,32.0,0.0,0.0,1.0,1.0,0.5
0.5,108416,1.0,32.0,32.0,0.0,0.0,1.0,1.0,0.5
0.5,108417,1.0,32.0,32.0,0.0,0.0,1.0,1.0,0.5
0.5,108417,1.0,32.0,32.0,0.0,0.0,1.0,1.0,0.5
0.5,108418,1.0,32.0,32.0,0.0,0.0,1.0,1.0,0.5
0.5,108418,1.0,32.0,32.0,0.0,0.0,1.0,1.0,0.5
0.5,108419,1.0,32.0,32.0,0.0,0.0,1.0,1.0,0.5
0.5,108419,1.0,32.0,32.0,0.0,0.0,1.0,1.0,0.5
0.5,108420,1.0,32.0,32.0,0.0,0.0,1.0,1.0,0.5
0.5,108420,1.0,32.0,32.0,0.0,0.0,1.0,1.0,0.5
0.5,108421,1.0,32.0,32.0,0.0,0.0,1.0,1.0,0.5
0.5,108421,1.0,32.0,32.0,0.0,0.0,1.0,1.0,0.5
0.5,108422,1.0,32.0,32.0,0.0,0.0,1.0,1.0,0.5
0.5,108422,1.0,32.0,32.0,0.0,0.0,1.0,1.0,0.5
0.5,108423,1.0,32.0,32.0,0.0,0.0,1.0,1.0,0.5
0.5,108423,1.0,32.0,32.0,0.0,0.0,1.0,1.0,0.5
0.5,108424,1.0,32.0,32.0,0.0,0.0,1.0,1.0,0.5
0.5,108424,1.0,32.0,32.0,0.0,0.0,1.0,1.0,0.5
0.5,108425,1.0,32.0,32.0,0.0,0.0,1.0,1.0,0.5
0.5,108425,1.0,32.0,32.0,0.0,0.0,1.0,1.0,0.5
0.5,108426,1.0,32.0,32.0,0.0,0.0,1.0,1.0,0.5
0.5,108426,1.0,32.0,32.0,0.0,0.0,1.0,1.0,0.5
0.5,108427,1.0,32.0,32.0,0.0,0.0,1.0,1.0,0.5
0.5,108427,1.0,32.0,32.0,0.0,0.0,1.0,1.0,0.5
0.5,108428,1.0,32.0,32.0,0.0,0.0,1.0,1.0,0.5
0.5,108428,1.0,32.0,32.0,0.0,0.0,1.0,1.0,0.5
0.5,108429,1.0,32.0,32.0,0.0,0.0,1.0,1.0,0.5
0.5,108429,1.0,32.0,32.0,0.0,0.0,1.0,1.0,0.5
0.5,108430,1.0,32.0,32.0,0.0,0.0,1.0,1.0,0.5
0.5,108430,1.0,32.0,32.0,0.0,0.0,1.0,1.0,0.5
0.5,108431,1.0,32.0,32.0,0.0,0.0,1.0,1.0,0.5
0.5,108431,1.0,32.0,32.0,0.0,0.0,1.0,1.0,0.5
0.5,108432,1.0,32.0,32.0,0.0,0.0,1.0,1.0,0.5
0.5,108432,1.0,32.0,32.0,0.0,0.0,1.0,1.0,0.5
0.5,108433,1.0,32.0,32.0,0.0,0.0,1.0,1.0,0.5
0.5,108433,1.0,32.0,32.0,0.0,0.0,1.0,1.0,0.5
0.5,108434,1.0,32.0,32.0,0.0,0.0,1.0,1.0,0.5
0.5,108434,1.0,32.0,32.0,0.0,0.0,1.0,1.0,0.5
0.5,108435,1.0,32.0,32.0,0.0,0.0,1.0,1.0,0.5
0.5,108435,1.0,32.0,32.0,0.0,0.0,1.0,1.0,0.5
0.5,108436,1.0,32.0,32.0,0.0,0.0,1.0,1.0,0.5
0.5,108436,1.0,32.0,32.0,0.0,0.0,1.0,1.0,0.5
0.5,108437,1.0,32.0,32.0,0.0,0.0,1.0,1.0,0.5
0.5,108437,1.0,32.0,32.0,0.0,0.0,1.0,1.0,0.5
0.5,108438,1.0,32.0,32.0,0.0,0.0,1.0,1.0,0.5
0.5,108438,1.0,32.0,32.0,0.0,0.0,1.0,1.0,0.5
0.5,108439,1.0,32.0,32.0,0.0,0.0,1.0,1.0,0.5
0.5,108439,1.0,32.0,32.0,0.0,0.0,1.0,1.0,0.5
0.5,108440,1.0,32.0,32.0,0.0,0.0,1.0,1.0,0.5
0.5,108440,1.0,32.0,32.0,0.0,0.0,1.0,1.0,0.5
0.5,108441,1.0,32.0,32.0,0.0,0.0,1.0,1.0,0.5
0.5,108441,1.0,32.0,32.0,0.0,0.0,1.0,1.0,0.5
0.5,108442,1.0,32.0,32.0,0.0,0.0,1.0,1.0,0.5
0.5,108442,1.0,32.0,32.0,0.0,0.0,1.0,1.0,0.5
0.5,108443,1.0,32.0,32.0,0.0,0.0,1.0,1.0,0.5
0.5,108443,1.0,32.0,32.0,0.0,0.0,1.0,1.0,0.5
0.5,108444,1.0,32.0,32.0,0.0,0.0,1.0,1.0,0.5
0.5,108444,1.0,32.0,32.0,0.0,0.0,1.0,1.0,0.5
0.5,108445,1.0,32.0,32.0,0.0,0.0,1.0,1.0,0.5
0.5,108445,1.0,32.0,32.0,0.0,0.0,1.0,1.0,0.5
0.5,108446,1.0,32.0,32.0,0.0,0.0,1.0,1.0,0.5
0.5,108446,1.0,32.0,32.0,0.0,0.0,1.0,1.0,0.5
0.5,108447,1.0,32.0,32.0,0.0,0.0,1.0,1.0,0.5
0.5,108447,1.0,32.0,32.0,0.0,0.0,1.0,1.0,0.5
0.5,108448,1.0,32.0,32.0,0.0,0.0,1.0,1.0,0.5
0.5,108448,1.0,32.0,32.0,0.0,0.0,1.0,1.0,0.5
0.5,108449,1.0,32.0,32.0,0.0,0.0,1.0,1.0,0.5
0.5,108449,1.0,32.0,32.0,0.0,0.0,1.0,1.0,0.5
0.5,108450,1.0,32.0,32.0,0.0,0.0,1.0,1.0,0.5
0.5,108450,1.0,32.0,32.0,0.0,0.0,1.0,1.0,0.5
0.5,108451,1.0,32.0,32.0,0.0,0.0,1.0,1.0,0.5
0.5,108451,1.0,32.0,32.0,0.0,0.0,1.0,1.0,0.5
0.5,108452,1.0,32.0,32.0,0.0,0.0,1.0,1.0,0.5
0.5,108452,1.0,32.0,32.0,0.0,0.0,1.0,1.0,0.5
0.5,108453,1.0,32.0,32.0,0.0,0.0,1.0,1.0,0.5
0.5,108453,1.0,32.0,32.0,0.0,0.0,1.0,1.0,0.5
0.5,108454,1.0,32.0,32.0,0.0,0.0,1.0,1.0,0.5
0.5,108454,1.0,32.0,32.0,0.0,0.0,1.0,1.0,0.5
0.5,108455,1.0,32.0,32.0,0.0,0.0,1.0,1.0,0.5
0.5,108455,1.0,32.0,32.0,0.0,0.0,1.0,1.0,0.5
0.5,108456,1.0,32.0,32.0,0.0,0.0,1.0,1.0,0.5
0.5,108456,1.0,32.0,32.0,0.0,0.0,1.0,1.0,0.5
0.5,108457,1.0,32.0,32.0,0.0,0.0,1.0,1.0,0.5
0.5,108457,1.0,32.0,32.0,0.0,0.0,1.0,1.0,0.5
0.5,108458,1.0,32.0,32.0,0.0,0.0,1.0,1.0,0.5
0.5,108458,1.0,32.0,32.0,0.0,0.0,1.0,1.0,0.5
0.5,108459,1.0,32.0,32.0,0.0,0.0,1.0,1.0,0.5
0.5,108459,1.0,32.0,32.0,0.0,0.0,1.0,1.0,0.5
0.5,108460,1.0,32.0,32.0,0.0,0.0,1.0,1.0,0.5
0.5,108460,1.0,32.0,32.0,0.0,0.0,1.0,1.0,0.5
0.5,108461,1.0,32.0,32.0,0.0,0.0,1.0,1.0,0.5
0.5,108461,1.0,32.0,32.0,0.0,0.0,1.0,1.0,0.5
0.5,108462,1.0,32.0,32.0,0.0,0.0,1.0,1.0,0.5
0.5,108462,1.0,32.0,32.0,0.0,0.0,1.0,1.0,0.5
0.5,108463,1.0,32.0,32.0,0.0,0.0,1.0,1.0,0.5
0.5,108463,1.0,32.0,32.0,0.0,0.0,1.0,1.0,0.5
0.5,108464,1.0,32.0,32.0,0.0,0.0,1.0,1.0,0.5
0.5,108464,1.0,32.0,32.0,0.0,0.0,1.0,1.0,0.5
0.5,108465,1.0,32.0,32.0,0.0,0.0,1.0,1.0,0.5
0.5,108465,1.0,32.0,32.0,0.0,0.0,1.0,1.0,0.5
0.5,108466,1.0,32.0,32.0,0.0,0.0,1.0,1.0,0.5
0.5,108466,1.0,32.0,32.0,0.0,0.0,1.0,1.0,0.5
0.5,108467,1.0,32.0,32.0,0.0,0.0,1.0,1.0,0.5
0.5,108467,1.0,32.0,32.0,0.0,0.0,1.0,1.0,0.5
0.5,108468,1.0,32.0,32.0,0.0,0.0,1.0,1.0,0.5
0.5,108468,1.0,32.0,32.0,0.0,0.0,1.0,1.0,0.5
0.5,108469,1.0,32.0,32.0,0.0,0.0,1.0,1.0,0.5
0.5,108469,1.0,32.0,32.0,0.0,0.0,1.0,1.0,0.5
0.5,108470,1.0,32.0,32.0,0.0,0.0,1.0,1.0,0.5
0.5,108470,1.0,32.0,32.0,0.0,0.0,1.0,1.0,0.5
0.5,108471,1.0,32.0,32.0,0.0,0.0,1.0,1.0,0.5
0.5,108471,1.0,32.0,32.0,0.0,0.0,1.0,1.0,0.5
0.5,108472,1.0,32.0,32.0,0.0,0.0,1.0,1.0,0.5
0.5,108472,1.0,32.0,32.0,0.0,0.0,1.0,1.0,0.5
0.5,108473,1.0,32.0,32.0,0.0,0.0,1.0,1.0,0.5
0.5,108473,1.0,32.0,32.0,0.0,0.0,1.0,1.0,0.5
0.5,108474,1.0,32.0,32.0,0.0,0.0,1.0,1.0,0.5
0.5,108474,1.0,32.0,32.0,0.0,0.0,1.0,1.0,0.5
0.5,108475,1.0,32.0,32.0,0.0,0.0,1.0,1.0,0.5
0.5,108475,1.0,32.0,32.0,0.0,0.0,1.0,1.0,0.5
0.5,108476,1.0,32.0,32.0,0.0,0.0,1.0,1.0,0.5
0.5,108476,1.0,32.0,32.0,0.0,0.0,1.0,1.0,0.5
0.5,108477,1.0,32.0,32.0,0.0,0.0,1.0,1.0,0.5
0.5,108477,1.0,32.0,32.0,0.0,0.0,1.0,1.0,0.5
0.5,108478,1.0,32.0,32.0,0.0,0.0,1.0,1.0,0.5
0.5,108478,1.0,32.0,32.0,0.0,0.0,1.0,1.0,0.5
0.5,108479,1.0,32.0,32.0,0.0,0.0,1.0,1.0,0.5
0.5,108479,1.0,32.0,32.0,0.0,0.0,1.0,1.0,0.5
0.5,108480,1.0,32.0,32.0,0.0,0.0,1.0,1.0,0.5
0.5,108480,1.0,32.0,32.0,0.0,0.0,1.0,1.0,0.5
0.5,108481,1.0,32.0,32.0,0.0,0.0,1.0,1.0,0.5
0.5,108481,1.0,32.0,32.0,0.0,0.0,1.0,1.0,0.5
0.5,108482,1.0,32.0,32.0,0.0,0.0,1.0,1.0,0.5
0.5,108482,1.0,32.0,32.0,0.0,0.0,1.0,1.0,0.5
0.5,108483,1.0,32.0,32.0,0.0,0.0,1.0,1.0,0.5
0.5,108483,1.0,32.0,32.0,0.0,0.0,1.0,1.0,0.5
0.5,108484,1.0,32.0,32.0,0.0,0.0,1.0,1.0,0.5
0.5,108484,1.0,32.0,32.0,0.0,0.0,1.0,1.0,0.5
0.5,108485,1.0,32.0,32.0,0.0,0.0,1.0,1.0,0.5
0.5,108485,1.0,32.0,32.0,0.0,0.0,1.0,1.0,0.5
0.5,108486,1.0,32.0,32.0,0.0,0.0,1.0,1.0,0.5
0.5,108486,1.0,32.0,32.0,0.0,0.0,1.0,1.0,0.5
0.5,108487,1.0,32.0,32.0,0.0,0.0,1.0,1.0,0.5
0.5,108487,1.0,32.0,32.0,0.0,0.0,1.0,1.0,0.5
0.5,108488,1.0,32.0,32.0,0.0,0.0,1.0,1.0,0.5
0.5,108488,1.0,32.0,32.0,0.0,0.0,1.0,1.0,0.5
0.5,108489,1.0,32.0,32.0,0.0,0.0,1.0,1.0,0.5
0.5,108489,1.0,32.0,32.0,0.0,0.0,1.0,1.0,0.5
0.5,108490,1.0,32.0,32.0,0.0,0.0,1.0,1.0,0.5
0.5,108490,1.0,32.0,32.0,0.0,0.0,1.0,1.0,0.5
0.5,108491,1.0,32.0,32.0,0.0,0.0,1.0,1.0,0.5
0.5,108491,1.0,32.0,32.0,0.0,0.0,1.0,1.0,0.5
0.5,108492,1.0,32.0,32.0,0.0,0.0,1.0,1.0,0.5
0.5,108492,1.0,32.0,32.0,0.0,0.0,1.0,1.0,0.5
0.5,108493,1.0,32.0,32.0,0.0,0.0,1.0,1.0,0.5
0.5,108493,1.0,32.0,32.0,0.0,0.0,1.0,1.0,0.5
0.5,108494,1.0,32.0,32.0,0.0,0.0,1.0,1.0,0.5
0.5,108494,1.0,32.0,32.0,0.0,0.0,1.0,1.0,0.5
0.5,108495,1.0,32.0,32.0,0.0,0.0,1.0,1.0,0.5
0.5,108495,1.0,32.0,32.0,0.0,0.0,1.0,1.0,0.5
0.5,108496,1.0,32.0,32.0,0.0,0.0,1.0,1.0,0.5
0.5,108496,1.0,32.0,32.0,0.0,0.0,1.0,1.0,0.5
0.5,108497,1.0,32.0,32.0,0.0,0.0,1.0,1.0,0.5
0.5,108497,1.0,32.0,32.0,0.0,0.0,1.0,1.0,0.5
0.5,108498,1.0,32.0,32.0,0.0,0.0,1.0,1.0,0.5
0.5,108498,1.0,32.0,32.0,0.0,0.0,1.0,1.0,0.5
0.5,108499,1.0,32.0,32.0,0.0,0.0,1.0,1.0,0.5
0.5,108499,1.0,32.0,32.0,0.0,0.0,1.0,1.0,0.5
0.5,108500,1.0,32.0,32.0,0.0,0.0,1.0,1.0,0.5
0.5,108500,1.0,32.0,32.0,0.0,0.0,1.0,1.0,0.5
0.5,108501,1.0,32.0,32.0,0.0,0.0,1.0,1.0,0.5
0.5,108501,1.0,32.0,32.0,0.0,0.0,1.0,1.0,0.5
0.5,108502,1.0,32.0,32.0,0.0,0.0,1.0,1.0,0.5
0.5,108502,1.0,32.0,32.0,0.0,0.0,1.0,1.0,0.5
0.5,108503,1.0,32.0,32.0,0.0,0.0,1.0,1.0,0.5
0.5,108503,1.0,32.0,32.0,0.0,0.0,1.0,1.0,0.5
0.5,108504,1.0,32.0,32.0,0.0,0.0,1.0,1.0,0.5
0.5,108504,1.0,32.0,32.0,0.0,0.0,1.0,1.0,0.5
0.5,108505,1.0,32.0,32.0,0.0,0.0,1.0,1.0,0.5
0.5,108505,1.0,32.0,32.0,0.0,0.0,1.0,1.0,0.5
0.5,108506,1.0,32.0,32.0,0.0,0.0,1.0,1.0,0.5
0.5,108506,1.0,32.0,32.0,0.0,0.0,1.0,1.0,0.5
0.5,108507,1.0,32.0,32.0,0.0,0.0,1.0,1.0,0.5
0.5,108507,1.0,32.0,32.0,0.0,0.0,1.0,1.0,0.5
0.5,108508,1.0,32.0,32.0,0.0,0.0,1.0,1.0,0.5
0.5,108508,1.0,32.0,32.0,0.0,0.0,1.0,1.0,0.5
0.5,108509,1.0,32.0,32.0,0.0,0.0,1.0,1.0,0.5
0.5,108509,1.0,32.0,32.0,0.0,0.0,1.0,1.0,0.5
0.5,108510,1.0,32.0,32.0,0.0,0.0,1.0,1.0,0.5
0.5,108510,1.0,32.0,32.0,0.0,0.0,1.0,1.0,0.5
0.5,108511,1.0,32.0,32.0,0.0,0.0,1.0,1.0,0.5
0.5,108511,1.0,32.0,32.0,0.0,0.0,1.0,1.0,0.5
0.5,108512,1.0,32.0,32.0,0.0,0.0,1.0,1.0,0.5
0.5,108512,1.0,32.0,32.0,0.0,0.0,1.0,1.0,0.5
0.5,108513,1.0,32.0,32.0,0.0,0.0,1.0,1.0,0.5
0.5,108513,1.0,32.0,32.0,0.0,0.0,1.0,1.0,0.5
0.5,108514,1.0,32.0,32.0,0.0,0.0,1.0,1.0,0.5
0.5,108514,1.0,32.0,32.0,0.0,0.0,1.0,1.0,0.5
0.5,108515,1.0,32.0,32.0,0.0,0.0,1.0,1.0,0.5
0.5,108515,1.0,32.0,32.0,0.0,0.0,1.0,1.0,0.5
0.5,108516,1.0,32.0,32.0,0.0,0.0,1.0,1.0,0.5
0.5,108516,1.0,32.0,32.0,0.0,0.0,1.0,1.0,0.5
0.5,108517,1.0,32.0,32.0,0.0,0.0,1.0,1.0,0.5
0.5,108517,1.0,32.0,32.0,0.0,0.0,1.0,1.0,0.5
0.5,108518,1.0,32.0,32.0,0.0,0.0,1.0,1.0,0.5
0.5,108518,1.0,32.0,32.0,0.0,0.0,1.0,1.0,0.5
0.5,108519,1.0,32.0,32.0,0.0,0.0,1.0,1.0,0.5
0.5,108519,1.0,32.0,32.0,0.0,0.0,1.0,1.0,0.5
0.5,108520,1.0,32.0,32.0,0.0,0.0,1.0,1.0,0.5
0.5,108520,1.0,32.0,32.0,0.0,0.0,1.0,1.0,0.5
0.5,108521,1.0,32.0,32.0,0.0,0.0,1.0,1.0,0.5
0.5,108521,1.0,32.0,32.0,0.0,0.0,1.0,1.0,0.5
0.5,108522,1.0,32.0,32.0,0.0,0.0,1.0,1.0,0.5
0.5,108522,1.0,32.0,32.0,0.0,0.0,1.0,1.0,0.5
0.5,108523,1.0,32.0,32.0,0.0,0.0,1.0,1.0,0.5
0.5,108523,1.0,32.0,32.0,0.0,0.0,1.0,1.0,0.5
0.5,108524,1.0,32.0,32.0,0.0,0.0,1.0,1.0,0.5
0.5,108524,1.0,32.0,32.0,0.0,0.0,1.0,1.0,0.5
0.5,108525,1.0,32.0,32.0,0.0,0.0,1.0,1.0,0.5
0.5,108525,1.0,32.0,32.0,0.0,0.0,1.0,1.0,0.5
0.5,108526,1.0,32.0,32.0,0.0,0.0,1.0,1.0,0.5
0.5,108526,1.0,32.0,32.0,0.0,0.0,1.0,1.0,0.5
0.5,108527,1.0,32.0,32.0,0.0,0.0,1.0,1.0,0.5
0.5,108527,1.0,32.0,32.0,0.0,0.0,1.0,1.0,0.5
0.5,108528,1.0,32.0,32.0,0.0,0.0,1.0,1.0,0.5
0.5,108528,1.0,32.0,32.0,0.0,0.0,1.0,1.0,0.5
0.5,108529,1.0,32.0,32.0,0.0,0.0,1.0,1.0,0.5
0.5,108529,1.0,32.0,32.0,0.0,0.0,1.0,1.0,0.5
0.5,108530,1.0,32.0,32.0,0.0,0.0,1.0,1.0,0.5
0.5,108530,1.0,32.0,32.0,0.0,0.0,1.0,1.0,0.5
0.5,108531,1.0,32.0,32.0,0.0,0.0,1.0,1.0,0.5
0.5,108531,1.0,32.0,32.0,0.0,0.0,1.0,1.0,0.5
0.5,108532,1.0,32.0,32.0,0.0,0.0,1.0,1.0,0.5
0.5,108532,1.0,32.0,32.0,0.0,0.0,1.0,1.0,0.5
0.5,108533,1.0,32.0,32.0,0.0,0.0,1.0,1.0,0.5
0.5,108533,1.0,32.0,32.0,0.0,0.0,1.0,1.0,0.5
0.5,108534,1.0,32.0,32.0,0.0,0.0,1.0,1.0,0.5
0.5,108534,1.0,32.0,32.0,0.0,0.0,1.0,1.0,0.5
0.5,108535,1.0,32.0,32.0,0.0,0.0,1.0,1.0,0.5
0.5,108535,1.0,32.0,32.0,0.0,0.0,1.0,1.0,0.5
0.5,108536,1.0,32.0,32.0,0.0,0.0,1.0,1.0,0.5
0.5,108536,1.0,32.0,32.0,0.0,0.0,1.0,1.0,0.5
0.5,108537,1.0,32.0,32.0,0.0,0.0,1.0,1.0,0.5
0.5,108537,1.0,32.0,32.0,0.0,0.0,1.0,1.0,0.5
0.5,108538,1.0,32.0,32.0,0.0,0.0,1.0,1.0,0.5
0.5,108538,1.0,32.0,32.0,0.0,0.0,1.0,1.0,0.5
0.5,108539,1.0,32.0,32.0,0.0,0.0,1.0,1.0,0.5
0.5,108539,1.0,32.0,32.0,0.0,0.0,1.0,1.0,0.5
0.5,108540,1.0,32.0,32.0,0.0,0.0,1.0,1.0,0.5
0.5,108540,1.0,32.0,32.0,0.0,0.0,1.0,1.0,0.5
0.5,108541,1.0,32.0,32.0,0.0,0.0,1.0,1.0,0.5
0.5,108541,1.0,32.0,32.0,0.0,0.0,1.0,1.0,0.5
0.5,108542,1.0,32.0,32.0,0.0,0.0,1.0,1.0,0.5
0.5,108542,1.0,32.0,32.0,0.0,0.0,1.0,1.0,0.5
0.5,108543,1.0,32.0,32.0,0.0,0.0,1.0,1.0,0.5
0.5,108543,1.0,32.0,32.0,0.0,0.0,1.0,1.0,0.5
0.5,108544,1.0,32.0,32.0,0.0,0.0,1.0,1.0,0.5
0.5,108544,1.0,32.0,32.0,0.0,0.0,1.0,1.0,0.5
0.5,108545,1.0,32.0,32.0,0.0,0.0,1.0,1.0,0.5
0.5,108545,1.0,32.0,32.0,0.0,0.0,1.0,1.0,0.5
0.5,108546,1.0,32.0,32.0,0.0,0.0,1.0,1.0,0.5
0.5,108546,1.0,32.0,32.0,0.0,0.0,1.0,1.0,0.5
0.5,108547,1.0,32.0,32.0,0.0,0.0,1.0,1.0,0.5
0.5,108547,1.0,32.0,32.0,0.0,0.0,1.0,1.0,0.5
0.5,108548,1.0,32.0,32.0,0.0,0.0,1.0,1.0,0.5
0.5,108548,1.0,32.0,32.0,0.0,0.0,1.0,1.0,0.5
0.5,108549,1.0,32.0,32.0,0.0,0.0,1.0,1.0,0.5
0.5,108549,1.0,32.0,32.0,0.0,0.0,1.0,1.0,0.5
0.5,108550,1.0,32.0,32.0,0.0,0.0,1.0,1.0,0.5
0.5,108550,1.0,32.0,32.0,0.0,0.0,1.0,1.0,0.5
0.5,108551,1.0,32.0,32.0,0.0,0.0,1.0,1.0,0.5
0.5,108551,1.0,32.0,32.0,0.0,0.0,1.0,1.0,0.5
0.5,108552,1.0,32.0,32.0,0.0,0.0,1.0,1.0,0.5
0.5,108552,1.0,32.0,32.0,0.0,0.0,1.0,1.0,0.5
0.5,108553,1.0,32.0,32.0,0.0,0.0,1.0,1.0,0.5
0.5,108553,1.0,32.0,32.0,0.0,0.0,1.0,1.0,0.5
0.5,108554,1.0,32.0,32.0,0.0,0.0,1.0,1.0,0.5
0.5,108554,1.0,32.0,32.0,0.0,0.0,1.0,1.0,0.5
0.5,108555,1.0,32.0,32.0,0.0,0.0,1.0,1.0,0.5
0.5,108555,1.0,32.0,32.0,0.0,0.0,1.0,1.0,0.5
0.5,108556,1.0,32.0,32.0,0.0,0.0,1.0,1.0,0.5
0.5,108556,1.0,32.0,32.0,0.0,0.0,1.0,1.0,0.5
0.5,108557,1.0,32.0,32.0,0.0,0.0,1.0,1.0,0.5
0.5,108557,1.0,32.0,32.0,0.0,0.0,1.0,1.0,0.5
0.5,108558,1.0,32.0,32.0,0.0,0.0,1.0,1.0,0.5
0.5,108558,1.0,32.0,32.0,0.0,0.0,1.0,1.0,0.5
0.5,108559,1.0,32.0,32.0,0.0,0.0,1.0,1.0,0.5
0.5,108559,1.0,32.0,32.0,0.0,0.0,1.0,1.0,0.5
0.5,108560,1.0,32.0,32.0,0.0,0.0,1.0,1.0,0.5
0.5,108560,1.0,32.0,32.0,0.0,0.0,1.0,1.0,0.5
0.5,108561,1.0,32.0,32.0,0.0,0.0,1.0,1.0,0.5
0.5,108561,1.0,32.0,32.0,0.0,0.0,1.0,1.0,0.5
0.5,108562,1.0,32.0,32.0,0.0,0.0,1.0,1.0,0.5
0.5,108562,1.0,32.0,32.0,0.0,0.0,1.0,1.0,0.5
0.5,108563,1.0,32.0,32.0,0.0,0.0,1.0,1.0,0.5
0.5,108563,1.0,32.0,32.0,0.0,0.0,1.0,1.0,0.5
0.5,108564,1.0,32.0,32.0,0.0,0.0,1.0,1.0,0.5
0.5,108564,1.0,32.0,32.0,0.0,0.0,1.0,1.0,0.5
0.5,108565,1.0,32.0,32.0,0.0,0.0,1.0,1.0,0.5
0.5,108565,1.0,32.0,32.0,0.0,0.0,1.0,1.0,0.5
0.5,108566,1.0,32.0,32.0,0.0,0.0,1.0,1.0,0.5
0.5,108566,1.0,32.0,32.0,0.0,0.0,1.0,1.0,0.5
0.5,108567,1.0,32.0,32.0,0.0,0.0,1.0,1.0,0.5
0.5,108567,1.0,32.0,32.0,0.0,0.0,1.0,1.0,0.5
0.5,108568,1.0,32.0,32.0,0.0,0.0,1.0,1.0,0.5
0.5,108568,1.0,32.0,32.0,0.0,0.0,1.0,1.0,0.5
0.5,108569,1.0,32.0,32.0,0.0,0.0,1.0,1.0,0.5
0.5,108569,1.0,32.0,32.0,0.0,0.0,1.0,1.0,0.5
0.5,108570,1.0,32.0,32.0,0.0,0.0,1.0,1.0,0.5
0.5,108570,1.0,32.0,32.0,0.0,0.0,1.0,1.0,0.5
0.5,108571,1.0,32.0,32.0,0.0,0.0,1.0,1.0,0.5
0.5,108571,1.0,32.0,32.0,0.0,0.0,1.0,1.0,0.5
0.5,108572,1.0,32.0,32.0,0.0,0.0,1.0,1.0,0.5
0.5,108572,1.0,32.0,32.0,0.0,0.0,1.0,1.0,0.5
0.5,108573,1.0,32.0,32.0,0.0,0.0,1.0,1.0,0.5
0.5,108573,1.0,32.0,32.0,0.0,0.0,1.0,1.0,0.5
0.5,108574,1.0,32.0,32.0,0.0,0.0,1.0,1.0,0.5
0.5,108574,1.0,32.0,32.0,0.0,0.0,1.0,1.0,0.5
0.5,108575,1.0,32.0,32.0,0.0,0.0,1.0,1.0,0.5
0.5,108575,1.0,32.0,32.0,0.0,0.0,1.0,1.0,0.5
0.5,108576,1.0,32.0,32.0,0.0,0.0,1.0,1.0,0.5
0.5,108576,1.0,32.0,32.0,0.0,0.0,1.0,1.0,0.5
0.5,108577,1.0,32.0,32.0,0.0,0.0,1.0,1.0,0.5
0.5,108577,1.0,32.0,32.0,0.0,0.0,1.0,1.0,0.5
0.5,108578,1.0,32.0,32.0,0.0,0.0,1.0,1.0,0.5
0.5,108578,1.0,32.0,32.0,0.0,0.0,1.0,1.0,0.5
0.5,108579,1.0,32.0,32.0,0.0,0.0,1.0,1.0,0.5
0.5,108579,1.0,32.0,32.0,0.0,0.0,1.0,1.0,0.5
0.5,108580,1.0,32.0,32.0,0.0,0.0,1.0,1.0,0.5
0.5,108580,1.0,32.0,32.0,0.0,0.0,1.0,1.0,0.5
0.5,108581,1.0,32.0,32.0,0.0,0.0,1.0,1.0,0.5
0.5,108581,1.0,32.0,32.0,0.0,0.0,1.0,1.0,0.5
0.5,108582,1.0,32.0,32.0,0.0,0.0,1.0,1.0,0.5
0.5,108582,1.0,32.0,32.0,0.0,0.0,1.0,1.0,0.5
0.5,108583,1.0,32.0,32.0,0.0,0.0,1.0,1.0,0.5
0.5,108583,1.0,32.0,32.0,0.0,0.0,1.0,1.0,0.5
0.5,108584,1.0,32.0,32.0,0.0,0.0,1.0,1.0,0.5
0.5,108584,1.0,32.0,32.0,0.0,0.0,1.0,1.0,0.5
0.5,108585,1.0,32.0,32.0,0.0,0.0,1.0,1.0,0.5
0.5,108585,1.0,32.0,32.0,0.0,0.0,1.0,1.0,0.5
0.5,108586,1.0,32.0,32.0,0.0,0.0,1.0,1.0,0.5
0.5,108586,1.0,32.0,32.0,0.0,0.0,1.0,1.0,0.5
0.5,108587,1.0,32.0,32.0,0.0,0.0,1.0,1.0,0.5
0.5,108587,1.0,32.0,32.0,0.0,0.0,1.0,1.0,0.5
0.5,108588,1.0,32.0,32.0,0.0,0.0,1.0,1.0,0.5
0.5,108588,1.0,32.0,32.0,0.0,0.0,1.0,1.0,0.5
0.5,108589,1.0,32.0,32.0,0.0,0.0,1.0,1.0,0.5
0.5,108589,1.0,32.0,32.0,0.0,0.0,1.0,1.0,0.5
0.5,108590,1.0,32.0,32.0,0.0,0.0,1.0,1.0,0.5
0.5,108590,1.0,32.0,32.0,0.0,0.0,1.0,1.0,0.5
0.5,108591,1.0,32.0,32.0,0.0,0.0,1.0,1.0,0.5
0.5,108591,1.0,32.0,32.0,0.0,0.0,1.0,1.0,0.5
0.5,108592,1.0,32.0,32.0,0.0,0.0,1.0,1.0,0.5
0.5,108592,1.0,32.0,32.0,0.0,0.0,1.0,1.0,0.5
0.5,108593,1.0,32.0,32.0,0.0,0.0,1.0,1.0,0.5
0.5,108593,1.0,32.0,32.0,0.0,0.0,1.0,1.0,0.5
0.5,108594,1.0,32.0,32.0,0.0,0.0,1.0,1.0,0.5
0.5,108594,1.0,32.0,32.0,0.0,0.0,1.0,1.0,0.5
0.5,108595,1.0,32.0,32.0,0.0,0.0,1.0,1.0,0.5
0.5,108595,1.0,32.0,32.0,0.0,0.0,1.0,1.0,0.5
0.5,108596,1.0,32.0,32.0,0.0,0.0,1.0,1.0,0.5
0.5,108596,1.0,32.0,32.0,0.0,0.0,1.0,1.0,0.5
0.5,108597,1.0,32.0,32.0,0.0,0.0,1.0,1.0,0.5
0.5,108597,1.0,32.0,32.0,0.0,0.0,1.0,1.0,0.5
0.5,108598,1.0,32.0,32.0,0.0,0.0,1.0,1.0,0.5
0.5,108598,1.0,32.0,32.0,0.0,0.0,1.0,1.0,0.5
0.5,108599,1.0,32.0,32.0,0.0,0.0,1.0,1.0,0.5
0.5,108599,1.0,32.0,32.0,0.0,0.0,1.0,1.0,0.5
0.5,108600,1.0,32.0,32.0,0.0,0.0,1.0,1.0,0.5
0.5,108600,1.0,32.0,32.0,0.0,0.0,1.0,1.0,0.5
0.5,108601,1.0,32.0,32.0,0.0,0.0,1.0,1.0,0.5
0.5,108601,1.0,32.0,32.0,0.0,0.0,1.0,1.0,0.5
0.5,108602,1.0,32.0,32.0,0.0,0.0,1.0,1.0,0.5
0.5,108602,1.0,32.0,32.0,0.0,0.0,1.0,1.0,0.5
0.5,108603,1.0,32.0,32.0,0.0,0.0,1.0,1.0,0.5
0.5,108603,1.0,32.0,32.0,0.0,0.0,1.0,1.0,0.5
0.5,108604,1.0,32.0,32.0,0.0,0.0,1.0,1.0,0.5
0.5,108604,1.0,32.0,32.0,0.0,0.0,1.0,1.0,0.5
0.5,108605,1.0,32.0,32.0,0.0,0.0,1.0,1.0,0.5
0.5,108605,1.0,32.0,32.0,0.0,0.0,1.0,1.0,0.5
0.5,108606,1.0,32.0,32.0,0.0,0.0,1.0,1.0,0.5
0.5,108606,1.0,32.0,32.0,0.0,0.0,1.0,1.0,0.5
0.5,108607,1.0,32.0,32.0,0.0,0.0,1.0,1.0,0.5
0.5,108607,1.0,32.0,32.0,0.0,0.0,1.0,1.0,0.5
0.5,108608,1.0,32.0,32.0,0.0,0.0,1.0,1.0,0.5
0.5,108608,1.0,32.0,32.0,0.0,0.0,1.0,1.0,0.5
0.5,108609,1.0,32.0,32.0,0.0,0.0,1.0,1.0,0.5
0.5,108609,1.0,32.0,32.0,0.0,0.0,1.0,1.0,0.5
0.5,108610,1.0,32.0,32.0,0.0,0.0,1.0,1.0,0.5
0.5,108610,1.0,32.0,32.0,0.0,0.0,1.0,1.0,0.5
0.5,108611,1.0,32.0,32.0,0.0,0.0,1.0,1.0,0.5
0.5,108611,1.0,32.0,32.0,0.0,0.0,1.0,1.0,0.5
0.5,108612,1.0,32.0,32.0,0.0,0.0,1.0,1.0,0.5
0.5,108612,1.0,32.0,32.0,0.0,0.0,1.0,1.0,0.5
0.5,108613,1.0,32.0,32.0,0.0,0.0,1.0,1.0,0.5
0.5,108613,1.0,32.0,32.0,0.0,0.0,1.0,1.0,0.5
0.5,108614,1.0,32.0,32.0,0.0,0.0,1.0,1.0,0.5
0.5,108614,1.0,32.0,32.0,0.0,0.0,1.0,1.0,0.5
0.5,108615,1.0,32.0,32.0,0.0,0.0,1.0,1.0,0.5
0.5,108615,1.0,32.0,32.0,0.0,0.0,1.0,1.0,0.5
0.5,108616,1.0,32.0,32.0,0.0,0.0,1.0,1.0,0.5
0.5,108616,1.0,32.0,32.0,0.0,0.0,1.0,1.0,0.5
0.5,108617,1.0,32.0,32.0,0.0,0.0,1.0,1.0,0.5
0.5,108617,1.0,32.0,32.0,0.0,0.0,1.0,1.0,0.5
0.5,108618,1.0,32.0,32.0,0.0,0.0,1.0,1.0,0.5
0.5,108618,1.0,32.0,32.0,0.0,0.0,1.0,1.0,0.5
0.5,108619,1.0,32.0,32.0,0.0,0.0,1.0,1.0,0.5
0.5,108619,1.0,32.0,32.0,0.0,0.0,1.0,1.0,0.5
0.5,108620,1.0,32.0,32.0,0.0,0.0,1.0,1.0,0.5
0.5,108620,1.0,32.0,32.0,0.0,0.0,1.0,1.0,0.5
0.5,108621,1.0,32.0,32.0,0.0,0.0,1.0,1.0,0.5
0.5,108621,1.0,32.0,32.0,0.0,0.0,1.0,1.0,0.5
0.5,108622,1.0,32.0,32.0,0.0,0.0,1.0,1.0,0.5
0.5,108622,1.0,32.0,32.0,0.0,0.0,1.0,1.0,0.5
0.5,108623,1.0,32.0,32.0,0.0,0.0,1.0,1.0,0.5
0.5,108623,1.0,32.0,32.0,0.0,0.0,1.0,1.0,0.5
0.5,108624,1.0,32.0,32.0,0.0,0.0,1.0,1.0,0.5
0.5,108624,1.0,32.0,32.0,0.0,0.0,1.0,1.0,0.5
0.5,108625,1.0,32.0,32.0,0.0,0.0,1.0,1.0,0.5
0.5,108625,1.0,32.0,32.0,0.0,0.0,1.0,1.0,0.5
0.5,108626,1.0,32.0,32.0,0.0,0.0,1.0,1.0,0.5
0.5,108626,1.0,32.0,32.0,0.0,0.0,1.0,1.0,0.5
0.5,108627,1.0,32.0,32.0,0.0,0.0,1.0,1.0,0.5
0.5,108627,1.0,32.0,32.0,0.0,0.0,1.0,1.0,0.5
0.5,108628,1.0,32.0,32.0,0.0,0.0,1.0,1.0,0.5
0.5,108628,1.0,32.0,32.0,0.0,0.0,1.0,1.0,0.5
0.5,108629,1.0,32.0,32.0,0.0,0.0,1.0,1.0,0.5
0.5,108629,1.0,32.0,32.0,0.0,0.0,1.0,1.0,0.5
0.5,108630,1.0,32.0,32.0,0.0,0.0,1.0,1.0,0.5
0.5,108630,1.0,32.0,32.0,0.0,0.0,1.0,1.0,0.5
0.5,108631,1.0,32.0,32.0,0.0,0.0,1.0,1.0,0.5
0.5,108631,1.0,32.0,32.0,0.0,0.0,1.0,1.0,0.5
0.5,108632,1.0,32.0,32.0,0.0,0.0,1.0,1.0,0.5
0.5,108632,1.0,32.0,32.0,0.0,0.0,1.0,1.0,0.5
0.5,108633,1.0,32.0,32.0,0.0,0.0,1.0,1.0,0.5
0.5,108633,1.0,32.0,32.0,0.0,0.0,1.0,1.0,0.5
0.5,108634,1.0,32.0,32.0,0.0,0.0,1.0,1.0,0.5
0.5,108634,1.0,32.0,32.0,0.0,0.0,1.0,1.0,0.5
0.5,108635,1.0,32.0,32.0,0.0,0.0,1.0,1.0,0.5
0.5,108635,1.0,32.0,32.0,0.0,0.0,1.0,1.0,0.5
0.5,108636,1.0,32.0,32.0,0.0,0.0,1.0,1.0,0.5
0.5,108636,1.0,32.0,32.0,0.0,0.0,1.0,1.0,0.5
0.5,108637,1.0,32.0,32.0,0.0,0.0,1.0,1.0,0.5
0.5,108637,1.0,32.0,32.0,0.0,0.0,1.0,1.0,0.5
0.5,108638,1.0,32.0,32.0,0.0,0.0,1.0,1.0,0.5
0.5,108638,1.0,32.0,32.0,0.0,0.0,1.0,1.0,0.5
0.5,108639,1.0,32.0,32.0,0.0,0.0,1.0,1.0,0.5
0.5,108639,1.0,32.0,32.0,0.0,0.0,1.0,1.0,0.5
0.5,108640,1.0,32.0,32.0,0.0,0.0,1.0,1.0,0.5
0.5,108640,1.0,32.0,32.0,0.0,0.0,1.0,1.0,0.5
0.5,108641,1.0,32.0,32.0,0.0,0.0,1.0,1.0,0.5
0.5,108641,1.0,32.0,32.0,0.0,0.0,1.0,1.0,0.5
0.5,108642,1.0,32.0,32.0,0.0,0.0,1.0,1.0,0.5
0.5,108642,1.0,32.0,32.0,0.0,0.0,1.0,1.0,0.5
0.5,108643,1.0,32.0,32.0,0.0,0.0,1.0,1.0,0.5
0.5,108643,1.0,32.0,32.0,0.0,0.0,1.0,1.0,0.5
0.5,108644,1.0,32.0,32.0,0.0,0.0,1.0,1.0,0.5
0.5,108644,1.0,32.0,32.0,0.0,0.0,1.0,1.0,0.5
0.5,108645,1.0,32.0,32.0,0.0,0.0,1.0,1.0,0.5
0.5,108645,1.0,32.0,32.0,0.0,0.0,1.0,1.0,0.5
0.5,108646,1.0,32.0,32.0,0.0,0.0,1.0,1.0,0.5
0.5,108646,1.0,32.0,32.0,0.0,0.0,1.0,1.0,0.5
0.5,108647,1.0,32.0,32.0,0.0,0.0,1.0,1.0,0.5
0.5,108647,1.0,32.0,32.0,0.0,0.0,1.0,1.0,0.5
0.5,108648,1.0,32.0,32.0,0.0,0.0,1.0,1.0,0.5
0.5,108648,1.0,32.0,32.0,0.0,0.0,1.0,1.0,0.5
0.5,108649,1.0,32.0,32.0,0.0,0.0,1.0,1.0,0.5
0.5,108649,1.0,32.0,32.0,0.0,0.0,1.0,1.0,0.5
0.5,108650,1.0,32.0,32.0,0.0,0.0,1.0,1.0,0.5
0.5,108650,1.0,32.0,32.0,0.0,0.0,1.0,1.0,0.5
0.5,108651,1.0,32.0,32.0,0.0,0.0,1.0,1.0,0.5
0.5,108651,1.0,32.0,32.0,0.0,0.0,1.0,1.0,0.5
0.5,108652,1.0,32.0,32.0,0.0,0.0,1.0,1.0,0.5
0.5,108652,1.0,32.0,32.0,0.0,0.0,1.0,1.0,0.5
0.5,108653,1.0,32.0,32.0,0.0,0.0,1.0,1.0,0.5
0.5,108653,1.0,32.0,32.0,0.0,0.0,1.0,1.0,0.5
0.5,108654,1.0,32.0,32.0,0.0,0.0,1.0,1.0,0.5
0.5,108654,1.0,32.0,32.0,0.0,0.0,1.0,1.0,0.5
0.5,108655,1.0,32.0,32.0,0.0,0.0,1.0,1.0,0.5
0.5,108655,1.0,32.0,32.0,0.0,0.0,1.0,1.0,0.5
0.5,108656,1.0,32.0,32.0,0.0,0.0,1.0,1.0,0.5
0.5,108656,1.0,32.0,32.0,0.0,0.0,1.0,1.0,0.5
0.5,108657,1.0,32.0,32.0,0.0,0.0,1.0,1.0,0.5
0.5,108657,1.0,32.0,32.0,0.0,0.0,1.0,1.0,0.5
0.5,108658,1.0,32.0,32.0,0.0,0.0,1.0,1.0,0.5
0.5,108658,1.0,32.0,32.0,0.0,0.0,1.0,1.0,0.5
0.5,108659,1.0,32.0,32.0,0.0,0.0,1.0,1.0,0.5
0.5,108659,1.0,32.0,32.0,0.0,0.0,1.0,1.0,0.5
0.5,108660,1.0,32.0,32.0,0.0,0.0,1.0,1.0,0.5
0.5,108660,1.0,32.0,32.0,0.0,0.0,1.0,1.0,0.5
0.5,108661,1.0,32.0,32.0,0.0,0.0,1.0,1.0,0.5
0.5,108661,1.0,32.0,32.0,0.0,0.0,1.0,1.0,0.5
0.5,108662,1.0,32.0,32.0,0.0,0.0,1.0,1.0,0.5
0.5,108662,1.0,32.0,32.0,0.0,0.0,1.0,1.0,0.5
0.5,108663,1.0,32.0,32.0,0.0,0.0,1.0,1.0,0.5
0.5,108663,1.0,32.0,32.0,0.0,0.0,1.0,1.0,0.5
0.5,108664,1.0,32.0,32.0,0.0,0.0,1.0,1.0,0.5
0.5,108664,1.0,32.0,32.0,0.0,0.0,1.0,1.0,0.5
0.5,108665,1.0,32.0,32.0,0.0,0.0,1.0,1.0,0.5
0.5,108665,1.0,32.0,32.0,0.0,0.0,1.0,1.0,0.5
0.5,108666,1.0,32.0,32.0,0.0,0.0,1.0,1.0,0.5
0.5,108666,1.0,32.0,32.0,0.0,0.0,1.0,1.0,0.5
0.5,108667,1.0,32.0,32.0,0.0,0.0,1.0,1.0,0.5
0.5,108667,1.0,32.0,32.0,0.0,0.0,1.0,1.0,0.5
0.5,108668,1.0,32.0,32.0,0.0,0.0,1.0,1.0,0.5
0.5,108668,1.0,32.0,32.0,0.0,0.0,1.0,1.0,0.5
0.5,108669,1.0,32.0,32.0,0.0,0.0,1.0,1.0,0.5
0.5,108669,1.0,32.0,32.0,0.0,0.0,1.0,1.0,0.5
0.5,108670,1.0,32.0,32.0,0.0,0.0,1.0,1.0,0.5
0.5,108670,1.0,32.0,32.0,0.0,0.0,1.0,1.0,0.5
0.5,108671,1.0,32.0,32.0,0.0,0.0,1.0,1.0,0.5
0.5,108671,1.0,32.0,32.0,0.0,0.0,1.0,1.0,0.5
0.5,108672,1.0,32.0,32.0,0.0,0.0,1.0,1.0,0.5
0.5,108672,1.0,32.0,32.0,0.0,0.0,1.0,1.0,0.5
0.5,108673,1.0,32.0,32.0,0.0,0.0,1.0,1.0,0.5
0.5,108673,1.0,32.0,32.0,0.0,0.0,1.0,1.0,0.5
0.5,108674,1.0,32.0,32.0,0.0,0.0,1.0,1.0,0.5
0.5,108674,1.0,32.0,32.0,0.0,0.0,1.0,1.0,0.5
0.5,108675,1.0,32.0,32.0,0.0,0.0,1.0,1.0,0.5
0.5,108675,1.0,32.0,32.0,0.0,0.0,1.0,1.0,0.5
0.5,108676,1.0,32.0,32.0,0.0,0.0,1.0,1.0,0.5
0.5,108676,1.0,32.0,32.0,0.0,0.0,1.0,1.0,0.5
0.5,108677,1.0,32.0,32.0,0.0,0.0,1.0,1.0,0.5
0.5,108677,1.0,32.0,32.0,0.0,0.0,1.0,1.0,0.5
0.5,108678,1.0,32.0,32.0,0.0,0.0,1.0,1.0,0.5
0.5,108678,1.0,32.0,32.0,0.0,0.0,1.0,1.0,0.5
0.5,108679,1.0,32.0,32.0,0.0,0.0,1.0,1.0,0.5
0.5,108679,1.0,32.0,32.0,0.0,0.0,1.0,1.0,0.5
0.5,108680,1.0,32.0,32.0,0.0,0.0,1.0,1.0,0.5
0.5,108680,1.0,32.0,32.0,0.0,0.0,1.0,1.0,0.5
0.5,108681,1.0,32.0,32.0,0.0,0.0,1.0,1.0,0.5
0.5,108681,1.0,32.0,32.0,0.0,0.0,1.0,1.0,0.5
0.5,108682,1.0,32.0,32.0,0.0,0.0,1.0,1.0,0.5
0.5,108682,1.0,32.0,32.0,0.0,0.0,1.0,1.0,0.5
0.5,108683,1.0,32.0,32.0,0.0,0.0,1.0,1.0,0.5
0.5,108683,1.0,32.0,32.0,0.0,0.0,1.0,1.0,0.5
0.5,108684,1.0,32.0,32.0,0.0,0.0,1.0,1.0,0.5
0.5,108684,1.0,32.0,32.0,0.0,0.0,1.0,1.0,0.5
0.5,108685,1.0,32.0,32.0,0.0,0.0,1.0,1.0,0.5
0.5,108685,1.0,32.0,32.0,0.0,0.0,1.0,1.0,0.5
0.5,108686,1.0,32.0,32.0,0.0,0.0,1.0,1.0,0.5
0.5,108686,1.0,32.0,32.0,0.0,0.0,1.0,1.0,0.5
0.5,108687,1.0,32.0,32.0,0.0,0.0,1.0,1.0,0.5
0.5,108687,1.0,32.0,32.0,0.0,0.0,1.0,1.0,0.5
0.5,108688,1.0,32.0,32.0,0.0,0.0,1.0,1.0,0.5
0.5,108688,1.0,32.0,32.0,0.0,0.0,1.0,1.0,0.5
0.5,108689,1.0,32.0,32.0,0.0,0.0,1.0,1.0,0.5
0.5,108689,1.0,32.0,32.0,0.0,0.0,1.0,1.0,0.5
0.5,108690,1.0,32.0,32.0,0.0,0.0,1.0,1.0,0.5
0.5,108690,1.0,32.0,32.0,0.0,0.0,1.0,1.0,0.5
0.5,108691,1.0,32.0,32.0,0.0,0.0,1.0,1.0,0.5
0.5,108691,1.0,32.0,32.0,0.0,0.0,1.0,1.0,0.5
0.5,108692,1.0,32.0,32.0,0.0,0.0,1.0,1.0,0.5
0.5,108692,1.0,32.0,32.0,0.0,0.0,1.0,1.0,0.5
0.5,108693,1.0,32.0,32.0,0.0,0.0,1.0,1.0,0.5
0.5,108693,1.0,32.0,32.0,0.0,0.0,1.0,1.0,0.5
0.5,108694,1.0,32.0,32.0,0.0,0.0,1.0,1.0,0.5
0.5,108694,1.0,32.0,32.0,0.0,0.0,1.0,1.0,0.5
0.5,108695,1.0,32.0,32.0,0.0,0.0,1.0,1.0,0.5
0.5,108695,1.0,32.0,32.0,0.0,0.0,1.0,1.0,0.5
0.5,108696,1.0,32.0,32.0,0.0,0.0,1.0,1.0,0.5
0.5,108696,1.0,32.0,32.0,0.0,0.0,1.0,1.0,0.5
0.5,108697,1.0,32.0,32.0,0.0,0.0,1.0,1.0,0.5
0.5,108697,1.0,32.0,32.0,0.0,0.0,1.0,1.0,0.5
0.5,108698,1.0,32.0,32.0,0.0,0.0,1.0,1.0,0.5
0.5,108698,1.0,32.0,32.0,0.0,0.0,1.0,1.0,0.5
0.5,108699,1.0,32.0,32.0,0.0,0.0,1.0,1.0,0.5
0.5,108699,1.0,32.0,32.0,0.0,0.0,1.0,1.0,0.5
0.5,108700,1.0,32.0,32.0,0.0,0.0,1.0,1.0,0.5
0.5,108700,1.0,32.0,32.0,0.0,0.0,1.0,1.0,0.5
0.5,108701,1.0,32.0,32.0,0.0,0.0,1.0,1.0,0.5
0.5,108701,1.0,32.0,32.0,0.0,0.0,1.0,1.0,0.5
0.5,108702,1.0,32.0,32.0,0.0,0.0,1.0,1.0,0.5
0.5,108702,1.0,32.0,32.0,0.0,0.0,1.0,1.0,0.5
0.5,108703,1.0,32.0,32.0,0.0,0.0,1.0,1.0,0.5
0.5,108703,1.0,32.0,32.0,0.0,0.0,1.0,1.0,0.5
0.5,108704,1.0,32.0,32.0,0.0,0.0,1.0,1.0,0.5
0.5,108704,1.0,32.0,32.0,0.0,0.0,1.0,1.0,0.5
0.5,108705,1.0,32.0,32.0,0.0,0.0,1.0,1.0,0.5
0.5,108705,1.0,32.0,32.0,0.0,0.0,1.0,1.0,0.5
0.5,108706,1.0,32.0,32.0,0.0,0.0,1.0,1.0,0.5
0.5,108706,1.0,32.0,32.0,0.0,0.0,1.0,1.0,0.5
0.5,108707,1.0,32.0,32.0,0.0,0.0,1.0,1.0,0.5
0.5,108707,1.0,32.0,32.0,0.0,0.0,1.0,1.0,0.5
0.5,108708,1.0,32.0,32.0,0.0,0.0,1.0,1.0,0.5
0.5,108708,1.0,32.0,32.0,0.0,0.0,1.0,1.0,0.5
0.5,108709,1.0,32.0,32.0,0.0,0.0,1.0,1.0,0.5
0.5,108709,1.0,32.0,32.0,0.0,0.0,1.0,1.0,0.5
0.5,108710,1.0,32.0,32.0,0.0,0.0,1.0,1.0,0.5
0.5,108710,1.0,32.0,32.0,0.0,0.0,1.0,1.0,0.5
0.5,108711,1.0,32.0,32.0,0.0,0.0,1.0,1.0,0.5
0.5,108711,1.0,32.0,32.0,0.0,0.0,1.0,1.0,0.5
0.5,108712,1.0,32.0,32.0,0.0,0.0,1.0,1.0,0.5
0.5,108712,1.0,32.0,32.0,0.0,0.0,1.0,1.0,0.5
0.5,108713,1.0,32.0,32.0,0.0,0.0,1.0,1.0,0.5
0.5,108713,1.0,32.0,32.0,0.0,0.0,1.0,1.0,0.5
0.5,108714,1.0,32.0,32.0,0.0,0.0,1.0,1.0,0.5
0.5,108714,1.0,32.0,32.0,0.0,0.0,1.0,1.0,0.5
0.5,108715,1.0,32.0,32.0,0.0,0.0,1.0,1.0,0.5
0.5,108715,1.0,32.0,32.0,0.0,0.0,1.0,1.0,0.5
0.5,108716,1.0,32.0,32.0,0.0,0.0,1.0,1.0,0.5
0.5,108716,1.0,32.0,32.0,0.0,0.0,1.0,1.0,0.5
0.5,108717,1.0,32.0,32.0,0.0,0.0,1.0,1.0,0.5
0.5,108717,1.0,32.0,32.0,0.0,0.0,1.0,1.0,0.5
0.5,108718,1.0,32.0,32.0,0.0,0.0,1.0,1.0,0.5
0.5,108718,1.0,32.0,32.0,0.0,0.0,1.0,1.0,0.5
0.5,108719,1.0,32.0,32.0,0.0,0.0,1.0,1.0,0.5
0.5,108719,1.0,32.0,32.0,0.0,0.0,1.0,1.0,0.5
0.5,108720,1.0,32.0,32.0,0.0,0.0,1.0,1.0,0.5
0.5,108720,1.0,32.0,32.0,0.0,0.0,1.0,1.0,0.5
0.5,108721,1.0,32.0,32.0,0.0,0.0,1.0,1.0,0.5
0.5,108721,1.0,32.0,32.0,0.0,0.0,1.0,1.0,0.5
0.5,108722,1.0,32.0,32.0,0.0,0.0,1.0,1.0,0.5
0.5,108722,1.0,32.0,32.0,0.0,0.0,1.0,1.0,0.5
0.5,108723,1.0,32.0,32.0,0.0,0.0,1.0,1.0,0.5
0.5,108723,1.0,32.0,32.0,0.0,0.0,1.0,1.0,0.5
0.5,108724,1.0,32.0,32.0,0.0,0.0,1.0,1.0,0.5
0.5,108724,1.0,32.0,32.0,0.0,0.0,1.0,1.0,0.5
0.5,108725,1.0,32.0,32.0,0.0,0.0,1.0,1.0,0.5
0.5,108725,1.0,32.0,32.0,0.0,0.0,1.0,1.0,0.5
0.5,108726,1.0,32.0,32.0,0.0,0.0,1.0,1.0,0.5
0.5,108726,1.0,32.0,32.0,0.0,0.0,1.0,1.0,0.5
0.5,108727,1.0,32.0,32.0,0.0,0.0,1.0,1.0,0.5
0.5,108727,1.0,32.0,32.0,0.0,0.0,1.0,1.0,0.5
0.5,108728,1.0,32.0,32.0,0.0,0.0,1.0,1.0,0.5
0.5,108728,1.0,32.0,32.0,0.0,0.0,1.0,1.0,0.5
0.5,108729,1.0,32.0,32.0,0.0,0.0,1.0,1.0,0.5
0.5,108729,1.0,32.0,32.0,0.0,0.0,1.0,1.0,0.5
0.5,108730,1.0,32.0,32.0,0.0,0.0,1.0,1.0,0.5
0.5,108730,1.0,32.0,32.0,0.0,0.0,1.0,1.0,0.5
0.5,108731,1.0,32.0,32.0,0.0,0.0,1.0,1.0,0.5
0.5,108731,1.0,32.0,32.0,0.0,0.0,1.0,1.0,0.5
0.5,108732,1.0,32.0,32.0,0.0,0.0,1.0,1.0,0.5
0.5,108732,1.0,32.0,32.0,0.0,0.0,1.0,1.0,0.5
0.5,108733,1.0,32.0,32.0,0.0,0.0,1.0,1.0,0.5
0.5,108733,1.0,32.0,32.0,0.0,0.0,1.0,1.0,0.5
0.5,108734,1.0,32.0,32.0,0.0,0.0,1.0,1.0,0.5
0.5,108734,1.0,32.0,32.0,0.0,0.0,1.0,1.0,0.5
0.5,108735,1.0,32.0,32.0,0.0,0.0,1.0,1.0,0.5
0.5,108735,1.0,32.0,32.0,0.0,0.0,1.0,1.0,0.5
0.5,108736,1.0,32.0,32.0,0.0,0.0,1.0,1.0,0.5
0.5,108736,1.0,32.0,32.0,0.0,0.0,1.0,1.0,0.5
0.5,108737,1.0,32.0,32.0,0.0,0.0,1.0,1.0,0.5
0.5,108737,1.0,32.0,32.0,0.0,0.0,1.0,1.0,0.5
0.5,108738,1.0,32.0,32.0,0.0,0.0,1.0,1.0,0.5
0.5,108738,1.0,32.0,32.0,0.0,0.0,1.0,1.0,0.5
0.5,108739,1.0,32.0,32.0,0.0,0.0,1.0,1.0,0.5
0.5,108739,1.0,32.0,32.0,0.0,0.0,1.0,1.0,0.5
0.5,108740,1.0,32.0,32.0,0.0,0.0,1.0,1.0,0.5
0.5,108740,1.0,32.0,32.0,0.0,0.0,1.0,1.0,0.5
0.5,108741,1.0,32.0,32.0,0.0,0.0,1.0,1.0,0.5
0.5,108741,1.0,32.0,32.0,0.0,0.0,1.0,1.0,0.5
0.5,108742,1.0,32.0,32.0,0.0,0.0,1.0,1.0,0.5
0.5,108742,1.0,32.0,32.0,0.0,0.0,1.0,1.0,0.5
0.5,108743,1.0,32.0,32.0,0.0,0.0,1.0,1.0,0.5
0.5,108743,1.0,32.0,32.0,0.0,0.0,1.0,1.0,0.5
0.5,108744,1.0,32.0,32.0,0.0,0.0,1.0,1.0,0.5
0.5,108744,1.0,32.0,32.0,0.0,0.0,1.0,1.0,0.5
0.5,108745,1.0,32.0,32.0,0.0,0.0,1.0,1.0,0.5
0.5,108745,1.0,32.0,32.0,0.0,0.0,1.0,1.0,0.5
0.5,108746,1.0,32.0,32.0,0.0,0.0,1.0,1.0,0.5
0.5,108746,1.0,32.0,32.0,0.0,0.0,1.0,1.0,0.5
0.5,108747,1.0,32.0,32.0,0.0,0.0,1.0,1.0,0.5
0.5,108747,1.0,32.0,32.0,0.0,0.0,1.0,1.0,0.5
0.5,108748,1.0,32.0,32.0,0.0,0.0,1.0,1.0,0.5
0.5,108748,1.0,32.0,32.0,0.0,0.0,1.0,1.0,0.5
0.5,108749,1.0,32.0,32.0,0.0,0.0,1.0,1.0,0.5
0.5,108749,1.0,32.0,32.0,0.0,0.0,1.0,1.0,0.5
0.5,108750,1.0,32.0,32.0,0.0,0.0,1.0,1.0,0.5
0.5,108750,1.0,32.0,32.0,0.0,0.0,1.0,1.0,0.5
0.5,108751,1.0,32.0,32.0,0.0,0.0,1.0,1.0,0.5
0.5,108751,1.0,32.0,32.0,0.0,0.0,1.0,1.0,0.5
0.5,108752,1.0,32.0,32.0,0.0,0.0,1.0,1.0,0.5
0.5,108752,1.0,32.0,32.0,0.0,0.0,1.0,1.0,0.5
0.5,108753,1.0,32.0,32.0,0.0,0.0,1.0,1.0,0.5
0.5,108753,1.0,32.0,32.0,0.0,0.0,1.0,1.0,0.5
0.5,108754,1.0,32.0,32.0,0.0,0.0,1.0,1.0,0.5
0.5,108754,1.0,32.0,32.0,0.0,0.0,1.0,1.0,0.5
0.5,108755,1.0,32.0,32.0,0.0,0.0,1.0,1.0,0.5
0.5,108755,1.0,32.0,32.0,0.0,0.0,1.0,1.0,0.5
0.5,108756,1.0,32.0,32.0,0.0,0.0,1.0,1.0,0.5
0.5,108756,1.0,32.0,32.0,0.0,0.0,1.0,1.0,0.5
0.5,108757,1.0,32.0,32.0,0.0,0.0,1.0,1.0,0.5
0.5,108757,1.0,32.0,32.0,0.0,0.0,1.0,1.0,0.5
0.5,108758,1.0,32.0,32.0,0.0,0.0,1.0,1.0,0.5
0.5,108758,1.0,32.0,32.0,0.0,0.0,1.0,1.0,0.5
0.5,108759,1.0,32.0,32.0,0.0,0.0,1.0,1.0,0.5
0.5,108759,1.0,32.0,32.0,0.0,0.0,1.0,1.0,0.5
0.5,108760,1.0,32.0,32.0,0.0,0.0,1.0,1.0,0.5
0.5,108760,1.0,32.0,32.0,0.0,0.0,1.0,1.0,0.5
0.5,108761,1.0,32.0,32.0,0.0,0.0,1.0,1.0,0.5
0.5,108761,1.0,32.0,32.0,0.0,0.0,1.0,1.0,0.5
0.5,108762,1.0,32.0,32.0,0.0,0.0,1.0,1.0,0.5
0.5,108762,1.0,32.0,32.0,0.0,0.0,1.0,1.0,0.5
0.5,108763,1.0,32.0,32.0,0.0,0.0,1.0,1.0,0.5
0.5,108763,1.0,32.0,32.0,0.0,0.0,1.0,1.0,0.5
0.5,108764,1.0,32.0,32.0,0.0,0.0,1.0,1.0,0.5
0.5,108764,1.0,32.0,32.0,0.0,0.0,1.0,1.0,0.5
0.5,108765,1.0,32.0,32.0,0.0,0.0,1.0,1.0,0.5
0.5,108765,1.0,32.0,32.0,0.0,0.0,1.0,1.0,0.5
0.5,108766,1.0,32.0,32.0,0.0,0.0,1.0,1.0,0.5
0.5,108766,1.0,32.0,32.0,0.0,0.0,1.0,1.0,0.5
0.5,108767,1.0,32.0,32.0,0.0,0.0,1.0,1.0,0.5
0.5,108767,1.0,32.0,32.0,0.0,0.0,1.0,1.0,0.5
0.5,108768,1.0,32.0,32.0,0.0,0.0,1.0,1.0,0.5
0.5,108768,1.0,32.0,32.0,0.0,0.0,1.0,1.0,0.5
0.5,108769,1.0,32.0,32.0,0.0,0.0,1.0,1.0,0.5
0.5,108769,1.0,32.0,32.0,0.0,0.0,1.0,1.0,0.5
0.5,108770,1.0,32.0,32.0,0.0,0.0,1.0,1.0,0.5
0.5,108770,1.0,32.0,32.0,0.0,0.0,1.0,1.0,0.5
0.5,108771,1.0,32.0,32.0,0.0,0.0,1.0,1.0,0.5
0.5,108771,1.0,32.0,32.0,0.0,0.0,1.0,1.0,0.5
0.5,108772,1.0,32.0,32.0,0.0,0.0,1.0,1.0,0.5
0.5,108772,1.0,32.0,32.0,0.0,0.0,1.0,1.0,0.5
0.5,108773,1.0,32.0,32.0,0.0,0.0,1.0,1.0,0.5
0.5,108773,1.0,32.0,32.0,0.0,0.0,1.0,1.0,0.5
0.5,108774,1.0,32.0,32.0,0.0,0.0,1.0,1.0,0.5
0.5,108774,1.0,32.0,32.0,0.0,0.0,1.0,1.0,0.5
0.5,108775,1.0,32.0,32.0,0.0,0.0,1.0,1.0,0.5
0.5,108775,1.0,32.0,32.0,0.0,0.0,1.0,1.0,0.5
0.5,108776,1.0,32.0,32.0,0.0,0.0,1.0,1.0,0.5
0.5,108776,1.0,32.0,32.0,0.0,0.0,1.0,1.0,0.5
0.5,108777,1.0,32.0,32.0,0.0,0.0,1.0,1.0,0.5
0.5,108777,1.0,32.0,32.0,0.0,0.0,1.0,1.0,0.5
0.5,108778,1.0,32.0,32.0,0.0,0.0,1.0,1.0,0.5
0.5,108778,1.0,32.0,32.0,0.0,0.0,1.0,1.0,0.5
0.5,108779,1.0,32.0,32.0,0.0,0.0,1.0,1.0,0.5
0.5,108779,1.0,32.0,32.0,0.0,0.0,1.0,1.0,0.5
0.5,108780,1.0,32.0,32.0,0.0,0.0,1.0,1.0,0.5
0.5,108780,1.0,32.0,32.0,0.0,0.0,1.0,1.0,0.5
0.5,108781,1.0,32.0,32.0,0.0,0.0,1.0,1.0,0.5
0.5,108781,1.0,32.0,32.0,0.0,0.0,1.0,1.0,0.5
0.5,108782,1.0,32.0,32.0,0.0,0.0,1.0,1.0,0.5
0.5,108782,1.0,32.0,32.0,0.0,0.0,1.0,1.0,0.5
0.5,108783,1.0,32.0,32.0,0.0,0.0,1.0,1.0,0.5
0.5,108783,1.0,32.0,32.0,0.0,0.0,1.0,1.0,0.5
0.5,108784,1.0,32.0,32.0,0.0,0.0,1.0,1.0,0.5
0.5,108784,1.0,32.0,32.0,0.0,0.0,1.0,1.0,0.5
0.5,108785,1.0,32.0,32.0,0.0,0.0,1.0,1.0,0.5
0.5,108785,1.0,32.0,32.0,0.0,0.0,1.0,1.0,0.5
0.5,108786,1.0,32.0,32.0,0.0,0.0,1.0,1.0,0.5
0.5,108786,1.0,32.0,32.0,0.0,0.0,1.0,1.0,0.5
0.5,108787,1.0,32.0,32.0,0.0,0.0,1.0,1.0,0.5
0.5,108787,1.0,32.0,32.0,0.0,0.0,1.0,1.0,0.5
0.5,108788,1.0,32.0,32.0,0.0,0.0,1.0,1.0,0.5
0.5,108788,1.0,32.0,32.0,0.0,0.0,1.0,1.0,0.5
0.5,108789,1.0,32.0,32.0,0.0,0.0,1.0,1.0,0.5
0.5,108789,1.0,32.0,32.0,0.0,0.0,1.0,1.0,0.5
0.5,108790,1.0,32.0,32.0,0.0,0.0,1.0,1.0,0.5
0.5,108790,1.0,32.0,32.0,0.0,0.0,1.0,1.0,0.5
0.5,108791,1.0,32.0,32.0,0.0,0.0,1.0,1.0,0.5
0.5,108791,1.0,32.0,32.0,0.0,0.0,1.0,1.0,0.5
0.5,108792,1.0,32.0,32.0,0.0,0.0,1.0,1.0,0.5
0.5,108792,1.0,32.0,32.0,0.0,0.0,1.0,1.0,0.5
0.5,108793,1.0,32.0,32.0,0.0,0.0,1.0,1.0,0.5
0.5,108793,1.0,32.0,32.0,0.0,0.0,1.0,1.0,0.5
0.5,108794,1.0,32.0,32.0,0.0,0.0,1.0,1.0,0.5
0.5,108794,1.0,32.0,32.0,0.0,0.0,1.0,1.0,0.5
