mean/disc/n_generated,mean/disc/disc_entropy,mean/disc/disc_proportion_expert_pred,mean/disc/disc_acc,mean/disc/n_expert,mean/disc/disc_loss,mean/disc/disc_acc_gen,mean/disc/disc_acc_expert,mean/disc/disc_proportion_expert_true,mean/disc/global_step
32.0,0.0,0.5,1.0,32.0,0.0,1.0,1.0,0.5,138243.0
32.0,0.0,0.5,1.0,32.0,0.0,1.0,1.0,0.5,138244.0
32.0,0.0,0.5,1.0,32.0,0.0,1.0,1.0,0.5,138245.0
32.0,0.0,0.5,1.0,32.0,0.0,1.0,1.0,0.5,138246.0
32.0,0.0,0.5,1.0,32.0,0.0,1.0,1.0,0.5,138247.0
32.0,0.0,0.5,1.0,32.0,0.0,1.0,1.0,0.5,138248.0
32.0,0.0,0.5,1.0,32.0,0.0,1.0,1.0,0.5,138249.0
32.0,0.0,0.5,1.0,32.0,0.0,1.0,1.0,0.5,138250.0
32.0,0.0,0.5,1.0,32.0,0.0,1.0,1.0,0.5,138251.0
32.0,0.0,0.5,1.0,32.0,0.0,1.0,1.0,0.5,138252.0
32.0,0.0,0.5,1.0,32.0,0.0,1.0,1.0,0.5,138253.0
32.0,0.0,0.5,1.0,32.0,0.0,1.0,1.0,0.5,138254.0
32.0,0.0,0.5,1.0,32.0,0.0,1.0,1.0,0.5,138255.0
32.0,0.0,0.5,1.0,32.0,0.0,1.0,1.0,0.5,138256.0
32.0,0.0,0.5,1.0,32.0,0.0,1.0,1.0,0.5,138257.0
32.0,0.0,0.5,1.0,32.0,0.0,1.0,1.0,0.5,138258.0
32.0,0.0,0.5,1.0,32.0,0.0,1.0,1.0,0.5,138259.0
32.0,0.0,0.5,1.0,32.0,0.0,1.0,1.0,0.5,138260.0
32.0,0.0,0.5,1.0,32.0,0.0,1.0,1.0,0.5,138261.0
32.0,0.0,0.5,1.0,32.0,0.0,1.0,1.0,0.5,138262.0
32.0,0.0,0.5,1.0,32.0,0.0,1.0,1.0,0.5,138263.0
32.0,0.0,0.5,1.0,32.0,0.0,1.0,1.0,0.5,138264.0
32.0,0.0,0.5,1.0,32.0,0.0,1.0,1.0,0.5,138265.0
32.0,0.0,0.5,1.0,32.0,0.0,1.0,1.0,0.5,138266.0
32.0,0.0,0.5,1.0,32.0,0.0,1.0,1.0,0.5,138267.0
32.0,0.0,0.5,1.0,32.0,0.0,1.0,1.0,0.5,138268.0
32.0,0.0,0.5,1.0,32.0,0.0,1.0,1.0,0.5,138269.0
32.0,0.0,0.5,1.0,32.0,0.0,1.0,1.0,0.5,138270.0
32.0,0.0,0.5,1.0,32.0,0.0,1.0,1.0,0.5,138271.0
32.0,0.0,0.5,1.0,32.0,0.0,1.0,1.0,0.5,138272.0
32.0,0.0,0.5,1.0,32.0,0.0,1.0,1.0,0.5,138273.0
32.0,0.0,0.5,1.0,32.0,0.0,1.0,1.0,0.5,138274.0
32.0,0.0,0.5,1.0,32.0,0.0,1.0,1.0,0.5,138275.0
32.0,0.0,0.5,1.0,32.0,0.0,1.0,1.0,0.5,138276.0
32.0,0.0,0.5,1.0,32.0,0.0,1.0,1.0,0.5,138277.0
32.0,0.0,0.5,1.0,32.0,0.0,1.0,1.0,0.5,138278.0
32.0,0.0,0.5,1.0,32.0,0.0,1.0,1.0,0.5,138279.0
32.0,0.0,0.5,1.0,32.0,0.0,1.0,1.0,0.5,138280.0
32.0,0.0,0.5,1.0,32.0,0.0,1.0,1.0,0.5,138281.0
32.0,0.0,0.5,1.0,32.0,0.0,1.0,1.0,0.5,138282.0
32.0,0.0,0.5,1.0,32.0,0.0,1.0,1.0,0.5,138283.0
32.0,0.0,0.5,1.0,32.0,0.0,1.0,1.0,0.5,138284.0
32.0,0.0,0.5,1.0,32.0,0.0,1.0,1.0,0.5,138285.0
32.0,0.0,0.5,1.0,32.0,0.0,1.0,1.0,0.5,138286.0
32.0,0.0,0.5,1.0,32.0,0.0,1.0,1.0,0.5,138287.0
32.0,0.0,0.5,1.0,32.0,0.0,1.0,1.0,0.5,138288.0
32.0,0.0,0.5,1.0,32.0,0.0,1.0,1.0,0.5,138289.0
32.0,0.0,0.5,1.0,32.0,0.0,1.0,1.0,0.5,138290.0
32.0,0.0,0.5,1.0,32.0,0.0,1.0,1.0,0.5,138291.0
32.0,0.0,0.5,1.0,32.0,0.0,1.0,1.0,0.5,138292.0
32.0,0.0,0.5,1.0,32.0,0.0,1.0,1.0,0.5,138293.0
32.0,0.0,0.5,1.0,32.0,0.0,1.0,1.0,0.5,138294.0
32.0,0.0,0.5,1.0,32.0,0.0,1.0,1.0,0.5,138295.0
32.0,0.0,0.5,1.0,32.0,0.0,1.0,1.0,0.5,138296.0
32.0,0.0,0.5,1.0,32.0,0.0,1.0,1.0,0.5,138297.0
32.0,0.0,0.5,1.0,32.0,0.0,1.0,1.0,0.5,138298.0
32.0,0.0,0.5,1.0,32.0,0.0,1.0,1.0,0.5,138299.0
32.0,0.0,0.5,1.0,32.0,0.0,1.0,1.0,0.5,138300.0
32.0,0.0,0.5,1.0,32.0,0.0,1.0,1.0,0.5,138301.0
32.0,0.0,0.5,1.0,32.0,0.0,1.0,1.0,0.5,138302.0
32.0,0.0,0.5,1.0,32.0,0.0,1.0,1.0,0.5,138303.0
32.0,0.0,0.5,1.0,32.0,0.0,1.0,1.0,0.5,138304.0
32.0,0.0,0.5,1.0,32.0,0.0,1.0,1.0,0.5,138305.0
32.0,0.0,0.5,1.0,32.0,0.0,1.0,1.0,0.5,138306.0
32.0,0.0,0.5,1.0,32.0,0.0,1.0,1.0,0.5,138307.0
32.0,0.0,0.5,1.0,32.0,0.0,1.0,1.0,0.5,138308.0
32.0,0.0,0.5,1.0,32.0,0.0,1.0,1.0,0.5,138309.0
32.0,0.0,0.5,1.0,32.0,0.0,1.0,1.0,0.5,138310.0
32.0,0.0,0.5,1.0,32.0,0.0,1.0,1.0,0.5,138311.0
32.0,0.0,0.5,1.0,32.0,0.0,1.0,1.0,0.5,138312.0
32.0,0.0,0.5,1.0,32.0,0.0,1.0,1.0,0.5,138313.0
32.0,0.0,0.5,1.0,32.0,0.0,1.0,1.0,0.5,138314.0
32.0,0.0,0.5,1.0,32.0,0.0,1.0,1.0,0.5,138315.0
32.0,0.0,0.5,1.0,32.0,0.0,1.0,1.0,0.5,138316.0
32.0,0.0,0.5,1.0,32.0,0.0,1.0,1.0,0.5,138317.0
32.0,0.0,0.5,1.0,32.0,0.0,1.0,1.0,0.5,138318.0
32.0,0.0,0.5,1.0,32.0,0.0,1.0,1.0,0.5,138319.0
32.0,0.0,0.5,1.0,32.0,0.0,1.0,1.0,0.5,138320.0
32.0,0.0,0.5,1.0,32.0,0.0,1.0,1.0,0.5,138321.0
32.0,0.0,0.5,1.0,32.0,0.0,1.0,1.0,0.5,138322.0
32.0,0.0,0.5,1.0,32.0,0.0,1.0,1.0,0.5,138323.0
32.0,0.0,0.5,1.0,32.0,0.0,1.0,1.0,0.5,138324.0
32.0,0.0,0.5,1.0,32.0,0.0,1.0,1.0,0.5,138325.0
32.0,0.0,0.5,1.0,32.0,0.0,1.0,1.0,0.5,138326.0
32.0,0.0,0.5,1.0,32.0,0.0,1.0,1.0,0.5,138327.0
32.0,0.0,0.5,1.0,32.0,0.0,1.0,1.0,0.5,138328.0
32.0,0.0,0.5,1.0,32.0,0.0,1.0,1.0,0.5,138329.0
32.0,0.0,0.5,1.0,32.0,0.0,1.0,1.0,0.5,138330.0
32.0,0.0,0.5,1.0,32.0,0.0,1.0,1.0,0.5,138331.0
32.0,0.0,0.5,1.0,32.0,0.0,1.0,1.0,0.5,138332.0
32.0,0.0,0.5,1.0,32.0,0.0,1.0,1.0,0.5,138333.0
32.0,0.0,0.5,1.0,32.0,0.0,1.0,1.0,0.5,138334.0
32.0,0.0,0.5,1.0,32.0,0.0,1.0,1.0,0.5,138335.0
32.0,0.0,0.5,1.0,32.0,0.0,1.0,1.0,0.5,138336.0
32.0,0.0,0.5,1.0,32.0,0.0,1.0,1.0,0.5,138337.0
32.0,0.0,0.5,1.0,32.0,0.0,1.0,1.0,0.5,138338.0
32.0,0.0,0.5,1.0,32.0,0.0,1.0,1.0,0.5,138339.0
32.0,0.0,0.5,1.0,32.0,0.0,1.0,1.0,0.5,138340.0
32.0,0.0,0.5,1.0,32.0,0.0,1.0,1.0,0.5,138341.0
32.0,0.0,0.5,1.0,32.0,0.0,1.0,1.0,0.5,138342.0
32.0,0.0,0.5,1.0,32.0,0.0,1.0,1.0,0.5,138343.0
32.0,0.0,0.5,1.0,32.0,0.0,1.0,1.0,0.5,138344.0
32.0,0.0,0.5,1.0,32.0,0.0,1.0,1.0,0.5,138345.0
32.0,0.0,0.5,1.0,32.0,0.0,1.0,1.0,0.5,138346.0
32.0,0.0,0.5,1.0,32.0,0.0,1.0,1.0,0.5,138347.0
32.0,0.0,0.5,1.0,32.0,0.0,1.0,1.0,0.5,138348.0
32.0,0.0,0.5,1.0,32.0,0.0,1.0,1.0,0.5,138349.0
32.0,0.0,0.5,1.0,32.0,0.0,1.0,1.0,0.5,138350.0
32.0,0.0,0.5,1.0,32.0,0.0,1.0,1.0,0.5,138351.0
32.0,0.0,0.5,1.0,32.0,0.0,1.0,1.0,0.5,138352.0
32.0,0.0,0.5,1.0,32.0,0.0,1.0,1.0,0.5,138353.0
32.0,0.0,0.5,1.0,32.0,0.0,1.0,1.0,0.5,138354.0
32.0,0.0,0.5,1.0,32.0,0.0,1.0,1.0,0.5,138355.0
32.0,0.0,0.5,1.0,32.0,0.0,1.0,1.0,0.5,138356.0
32.0,0.0,0.5,1.0,32.0,0.0,1.0,1.0,0.5,138357.0
32.0,0.0,0.5,1.0,32.0,0.0,1.0,1.0,0.5,138358.0
32.0,0.0,0.5,1.0,32.0,0.0,1.0,1.0,0.5,138359.0
32.0,0.0,0.5,1.0,32.0,0.0,1.0,1.0,0.5,138360.0
32.0,0.0,0.5,1.0,32.0,0.0,1.0,1.0,0.5,138361.0
32.0,0.0,0.5,1.0,32.0,0.0,1.0,1.0,0.5,138362.0
32.0,0.0,0.5,1.0,32.0,0.0,1.0,1.0,0.5,138363.0
32.0,0.0,0.5,1.0,32.0,0.0,1.0,1.0,0.5,138364.0
32.0,0.0,0.5,1.0,32.0,0.0,1.0,1.0,0.5,138365.0
32.0,0.0,0.5,1.0,32.0,0.0,1.0,1.0,0.5,138366.0
32.0,0.0,0.5,1.0,32.0,0.0,1.0,1.0,0.5,138367.0
32.0,0.0,0.5,1.0,32.0,0.0,1.0,1.0,0.5,138368.0
32.0,0.0,0.5,1.0,32.0,0.0,1.0,1.0,0.5,138369.0
32.0,0.0,0.5,1.0,32.0,0.0,1.0,1.0,0.5,138370.0
32.0,0.0,0.5,1.0,32.0,0.0,1.0,1.0,0.5,138371.0
32.0,0.0,0.5,1.0,32.0,0.0,1.0,1.0,0.5,138372.0
32.0,0.0,0.5,1.0,32.0,0.0,1.0,1.0,0.5,138373.0
32.0,0.0,0.5,1.0,32.0,0.0,1.0,1.0,0.5,138374.0
32.0,0.0,0.5,1.0,32.0,0.0,1.0,1.0,0.5,138375.0
32.0,0.0,0.5,1.0,32.0,0.0,1.0,1.0,0.5,138376.0
32.0,0.0,0.5,1.0,32.0,0.0,1.0,1.0,0.5,138377.0
32.0,0.0,0.5,1.0,32.0,0.0,1.0,1.0,0.5,138378.0
32.0,0.0,0.5,1.0,32.0,0.0,1.0,1.0,0.5,138379.0
32.0,0.0,0.5,1.0,32.0,0.0,1.0,1.0,0.5,138380.0
32.0,0.0,0.5,1.0,32.0,0.0,1.0,1.0,0.5,138381.0
32.0,0.0,0.5,1.0,32.0,0.0,1.0,1.0,0.5,138382.0
32.0,0.0,0.5,1.0,32.0,0.0,1.0,1.0,0.5,138383.0
32.0,0.0,0.5,1.0,32.0,0.0,1.0,1.0,0.5,138384.0
32.0,0.0,0.5,1.0,32.0,0.0,1.0,1.0,0.5,138385.0
32.0,0.0,0.5,1.0,32.0,0.0,1.0,1.0,0.5,138386.0
32.0,0.0,0.5,1.0,32.0,0.0,1.0,1.0,0.5,138387.0
32.0,0.0,0.5,1.0,32.0,0.0,1.0,1.0,0.5,138388.0
32.0,0.0,0.5,1.0,32.0,0.0,1.0,1.0,0.5,138389.0
32.0,0.0,0.5,1.0,32.0,0.0,1.0,1.0,0.5,138390.0
32.0,0.0,0.5,1.0,32.0,0.0,1.0,1.0,0.5,138391.0
32.0,0.0,0.5,1.0,32.0,0.0,1.0,1.0,0.5,138392.0
32.0,0.0,0.5,1.0,32.0,0.0,1.0,1.0,0.5,138393.0
32.0,0.0,0.5,1.0,32.0,0.0,1.0,1.0,0.5,138394.0
32.0,0.0,0.5,1.0,32.0,0.0,1.0,1.0,0.5,138395.0
32.0,0.0,0.5,1.0,32.0,0.0,1.0,1.0,0.5,138396.0
32.0,0.0,0.5,1.0,32.0,0.0,1.0,1.0,0.5,138397.0
32.0,0.0,0.5,1.0,32.0,0.0,1.0,1.0,0.5,138398.0
32.0,0.0,0.5,1.0,32.0,0.0,1.0,1.0,0.5,138399.0
32.0,0.0,0.5,1.0,32.0,0.0,1.0,1.0,0.5,138400.0
32.0,0.0,0.5,1.0,32.0,0.0,1.0,1.0,0.5,138401.0
32.0,0.0,0.5,1.0,32.0,0.0,1.0,1.0,0.5,138402.0
32.0,0.0,0.5,1.0,32.0,0.0,1.0,1.0,0.5,138403.0
32.0,0.0,0.5,1.0,32.0,0.0,1.0,1.0,0.5,138404.0
32.0,0.0,0.5,1.0,32.0,0.0,1.0,1.0,0.5,138405.0
32.0,0.0,0.5,1.0,32.0,0.0,1.0,1.0,0.5,138406.0
32.0,0.0,0.5,1.0,32.0,0.0,1.0,1.0,0.5,138407.0
32.0,0.0,0.5,1.0,32.0,0.0,1.0,1.0,0.5,138408.0
32.0,0.0,0.5,1.0,32.0,0.0,1.0,1.0,0.5,138409.0
32.0,0.0,0.5,1.0,32.0,0.0,1.0,1.0,0.5,138410.0
32.0,0.0,0.5,1.0,32.0,0.0,1.0,1.0,0.5,138411.0
32.0,0.0,0.5,1.0,32.0,0.0,1.0,1.0,0.5,138412.0
32.0,0.0,0.5,1.0,32.0,0.0,1.0,1.0,0.5,138413.0
32.0,0.0,0.5,1.0,32.0,0.0,1.0,1.0,0.5,138414.0
32.0,0.0,0.5,1.0,32.0,0.0,1.0,1.0,0.5,138415.0
32.0,0.0,0.5,1.0,32.0,0.0,1.0,1.0,0.5,138416.0
32.0,0.0,0.5,1.0,32.0,0.0,1.0,1.0,0.5,138417.0
32.0,0.0,0.5,1.0,32.0,0.0,1.0,1.0,0.5,138418.0
32.0,0.0,0.5,1.0,32.0,0.0,1.0,1.0,0.5,138419.0
32.0,0.0,0.5,1.0,32.0,0.0,1.0,1.0,0.5,138420.0
32.0,0.0,0.5,1.0,32.0,0.0,1.0,1.0,0.5,138421.0
32.0,0.0,0.5,1.0,32.0,0.0,1.0,1.0,0.5,138422.0
32.0,0.0,0.5,1.0,32.0,0.0,1.0,1.0,0.5,138423.0
32.0,0.0,0.5,1.0,32.0,0.0,1.0,1.0,0.5,138424.0
32.0,0.0,0.5,1.0,32.0,0.0,1.0,1.0,0.5,138425.0
32.0,0.0,0.5,1.0,32.0,0.0,1.0,1.0,0.5,138426.0
32.0,0.0,0.5,1.0,32.0,0.0,1.0,1.0,0.5,138427.0
32.0,0.0,0.5,1.0,32.0,0.0,1.0,1.0,0.5,138428.0
32.0,0.0,0.5,1.0,32.0,0.0,1.0,1.0,0.5,138429.0
32.0,0.0,0.5,1.0,32.0,0.0,1.0,1.0,0.5,138430.0
32.0,0.0,0.5,1.0,32.0,0.0,1.0,1.0,0.5,138431.0
32.0,0.0,0.5,1.0,32.0,0.0,1.0,1.0,0.5,138432.0
32.0,0.0,0.5,1.0,32.0,0.0,1.0,1.0,0.5,138433.0
32.0,0.0,0.5,1.0,32.0,0.0,1.0,1.0,0.5,138434.0
32.0,0.0,0.5,1.0,32.0,0.0,1.0,1.0,0.5,138435.0
32.0,0.0,0.5,1.0,32.0,0.0,1.0,1.0,0.5,138436.0
32.0,0.0,0.5,1.0,32.0,0.0,1.0,1.0,0.5,138437.0
32.0,0.0,0.5,1.0,32.0,0.0,1.0,1.0,0.5,138438.0
32.0,0.0,0.5,1.0,32.0,0.0,1.0,1.0,0.5,138439.0
32.0,0.0,0.5,1.0,32.0,0.0,1.0,1.0,0.5,138440.0
32.0,0.0,0.5,1.0,32.0,0.0,1.0,1.0,0.5,138441.0
32.0,0.0,0.5,1.0,32.0,0.0,1.0,1.0,0.5,138442.0
32.0,0.0,0.5,1.0,32.0,0.0,1.0,1.0,0.5,138443.0
32.0,0.0,0.5,1.0,32.0,0.0,1.0,1.0,0.5,138444.0
32.0,0.0,0.5,1.0,32.0,0.0,1.0,1.0,0.5,138445.0
32.0,0.0,0.5,1.0,32.0,0.0,1.0,1.0,0.5,138446.0
32.0,0.0,0.5,1.0,32.0,0.0,1.0,1.0,0.5,138447.0
32.0,0.0,0.5,1.0,32.0,0.0,1.0,1.0,0.5,138448.0
32.0,0.0,0.5,1.0,32.0,0.0,1.0,1.0,0.5,138449.0
32.0,0.0,0.5,1.0,32.0,0.0,1.0,1.0,0.5,138450.0
32.0,0.0,0.5,1.0,32.0,0.0,1.0,1.0,0.5,138451.0
32.0,0.0,0.5,1.0,32.0,0.0,1.0,1.0,0.5,138452.0
32.0,0.0,0.5,1.0,32.0,0.0,1.0,1.0,0.5,138453.0
32.0,0.0,0.5,1.0,32.0,0.0,1.0,1.0,0.5,138454.0
32.0,0.0,0.5,1.0,32.0,0.0,1.0,1.0,0.5,138455.0
32.0,0.0,0.5,1.0,32.0,0.0,1.0,1.0,0.5,138456.0
32.0,0.0,0.5,1.0,32.0,0.0,1.0,1.0,0.5,138457.0
32.0,0.0,0.5,1.0,32.0,0.0,1.0,1.0,0.5,138458.0
32.0,0.0,0.5,1.0,32.0,0.0,1.0,1.0,0.5,138459.0
32.0,0.0,0.5,1.0,32.0,0.0,1.0,1.0,0.5,138460.0
32.0,0.0,0.5,1.0,32.0,0.0,1.0,1.0,0.5,138461.0
32.0,0.0,0.5,1.0,32.0,0.0,1.0,1.0,0.5,138462.0
32.0,0.0,0.5,1.0,32.0,0.0,1.0,1.0,0.5,138463.0
32.0,0.0,0.5,1.0,32.0,0.0,1.0,1.0,0.5,138464.0
32.0,0.0,0.5,1.0,32.0,0.0,1.0,1.0,0.5,138465.0
32.0,0.0,0.5,1.0,32.0,0.0,1.0,1.0,0.5,138466.0
32.0,0.0,0.5,1.0,32.0,0.0,1.0,1.0,0.5,138467.0
32.0,0.0,0.5,1.0,32.0,0.0,1.0,1.0,0.5,138468.0
32.0,0.0,0.5,1.0,32.0,0.0,1.0,1.0,0.5,138469.0
32.0,0.0,0.5,1.0,32.0,0.0,1.0,1.0,0.5,138470.0
32.0,0.0,0.5,1.0,32.0,0.0,1.0,1.0,0.5,138471.0
32.0,0.0,0.5,1.0,32.0,0.0,1.0,1.0,0.5,138472.0
32.0,0.0,0.5,1.0,32.0,0.0,1.0,1.0,0.5,138473.0
32.0,0.0,0.5,1.0,32.0,0.0,1.0,1.0,0.5,138474.0
32.0,0.0,0.5,1.0,32.0,0.0,1.0,1.0,0.5,138475.0
32.0,0.0,0.5,1.0,32.0,0.0,1.0,1.0,0.5,138476.0
32.0,0.0,0.5,1.0,32.0,0.0,1.0,1.0,0.5,138477.0
32.0,0.0,0.5,1.0,32.0,0.0,1.0,1.0,0.5,138478.0
32.0,0.0,0.5,1.0,32.0,0.0,1.0,1.0,0.5,138479.0
32.0,0.0,0.5,1.0,32.0,0.0,1.0,1.0,0.5,138480.0
32.0,0.0,0.5,1.0,32.0,0.0,1.0,1.0,0.5,138481.0
32.0,0.0,0.5,1.0,32.0,0.0,1.0,1.0,0.5,138482.0
32.0,0.0,0.5,1.0,32.0,0.0,1.0,1.0,0.5,138483.0
32.0,0.0,0.5,1.0,32.0,0.0,1.0,1.0,0.5,138484.0
32.0,0.0,0.5,1.0,32.0,0.0,1.0,1.0,0.5,138485.0
32.0,0.0,0.5,1.0,32.0,0.0,1.0,1.0,0.5,138486.0
32.0,0.0,0.5,1.0,32.0,0.0,1.0,1.0,0.5,138487.0
32.0,0.0,0.5,1.0,32.0,0.0,1.0,1.0,0.5,138488.0
32.0,0.0,0.5,1.0,32.0,0.0,1.0,1.0,0.5,138489.0
32.0,0.0,0.5,1.0,32.0,0.0,1.0,1.0,0.5,138490.0
32.0,0.0,0.5,1.0,32.0,0.0,1.0,1.0,0.5,138491.0
32.0,0.0,0.5,1.0,32.0,0.0,1.0,1.0,0.5,138492.0
32.0,0.0,0.5,1.0,32.0,0.0,1.0,1.0,0.5,138493.0
32.0,0.0,0.5,1.0,32.0,0.0,1.0,1.0,0.5,138494.0
32.0,0.0,0.5,1.0,32.0,0.0,1.0,1.0,0.5,138495.0
32.0,0.0,0.5,1.0,32.0,0.0,1.0,1.0,0.5,138496.0
32.0,0.0,0.5,1.0,32.0,0.0,1.0,1.0,0.5,138497.0
32.0,0.0,0.5,1.0,32.0,0.0,1.0,1.0,0.5,138498.0
32.0,0.0,0.5,1.0,32.0,0.0,1.0,1.0,0.5,138499.0
32.0,0.0,0.5,1.0,32.0,0.0,1.0,1.0,0.5,138500.0
32.0,0.0,0.5,1.0,32.0,0.0,1.0,1.0,0.5,138501.0
32.0,0.0,0.5,1.0,32.0,0.0,1.0,1.0,0.5,138502.0
32.0,0.0,0.5,1.0,32.0,0.0,1.0,1.0,0.5,138503.0
32.0,0.0,0.5,1.0,32.0,0.0,1.0,1.0,0.5,138504.0
32.0,0.0,0.5,1.0,32.0,0.0,1.0,1.0,0.5,138505.0
32.0,0.0,0.5,1.0,32.0,0.0,1.0,1.0,0.5,138506.0
32.0,0.0,0.5,1.0,32.0,0.0,1.0,1.0,0.5,138507.0
32.0,0.0,0.5,1.0,32.0,0.0,1.0,1.0,0.5,138508.0
32.0,0.0,0.5,1.0,32.0,0.0,1.0,1.0,0.5,138509.0
32.0,0.0,0.5,1.0,32.0,0.0,1.0,1.0,0.5,138510.0
32.0,0.0,0.5,1.0,32.0,0.0,1.0,1.0,0.5,138511.0
32.0,0.0,0.5,1.0,32.0,0.0,1.0,1.0,0.5,138512.0
32.0,0.0,0.5,1.0,32.0,0.0,1.0,1.0,0.5,138513.0
32.0,0.0,0.5,1.0,32.0,0.0,1.0,1.0,0.5,138514.0
32.0,0.0,0.5,1.0,32.0,0.0,1.0,1.0,0.5,138515.0
32.0,0.0,0.5,1.0,32.0,0.0,1.0,1.0,0.5,138516.0
32.0,0.0,0.5,1.0,32.0,0.0,1.0,1.0,0.5,138517.0
32.0,0.0,0.5,1.0,32.0,0.0,1.0,1.0,0.5,138518.0
32.0,0.0,0.5,1.0,32.0,0.0,1.0,1.0,0.5,138519.0
32.0,0.0,0.5,1.0,32.0,0.0,1.0,1.0,0.5,138520.0
32.0,0.0,0.5,1.0,32.0,0.0,1.0,1.0,0.5,138521.0
32.0,0.0,0.5,1.0,32.0,0.0,1.0,1.0,0.5,138522.0
32.0,0.0,0.5,1.0,32.0,0.0,1.0,1.0,0.5,138523.0
32.0,0.0,0.5,1.0,32.0,0.0,1.0,1.0,0.5,138524.0
32.0,0.0,0.5,1.0,32.0,0.0,1.0,1.0,0.5,138525.0
32.0,0.0,0.5,1.0,32.0,0.0,1.0,1.0,0.5,138526.0
32.0,0.0,0.5,1.0,32.0,0.0,1.0,1.0,0.5,138527.0
32.0,0.0,0.5,1.0,32.0,0.0,1.0,1.0,0.5,138528.0
32.0,0.0,0.5,1.0,32.0,0.0,1.0,1.0,0.5,138529.0
32.0,0.0,0.5,1.0,32.0,0.0,1.0,1.0,0.5,138530.0
32.0,0.0,0.5,1.0,32.0,0.0,1.0,1.0,0.5,138531.0
32.0,0.0,0.5,1.0,32.0,0.0,1.0,1.0,0.5,138532.0
32.0,0.0,0.5,1.0,32.0,0.0,1.0,1.0,0.5,138533.0
32.0,0.0,0.5,1.0,32.0,0.0,1.0,1.0,0.5,138534.0
32.0,0.0,0.5,1.0,32.0,0.0,1.0,1.0,0.5,138535.0
32.0,0.0,0.5,1.0,32.0,0.0,1.0,1.0,0.5,138536.0
32.0,0.0,0.5,1.0,32.0,0.0,1.0,1.0,0.5,138537.0
32.0,0.0,0.5,1.0,32.0,0.0,1.0,1.0,0.5,138538.0
32.0,0.0,0.5,1.0,32.0,0.0,1.0,1.0,0.5,138539.0
32.0,0.0,0.5,1.0,32.0,0.0,1.0,1.0,0.5,138540.0
32.0,0.0,0.5,1.0,32.0,0.0,1.0,1.0,0.5,138541.0
32.0,0.0,0.5,1.0,32.0,0.0,1.0,1.0,0.5,138542.0
32.0,0.0,0.5,1.0,32.0,0.0,1.0,1.0,0.5,138543.0
32.0,0.0,0.5,1.0,32.0,0.0,1.0,1.0,0.5,138544.0
32.0,0.0,0.5,1.0,32.0,0.0,1.0,1.0,0.5,138545.0
32.0,0.0,0.5,1.0,32.0,0.0,1.0,1.0,0.5,138546.0
32.0,0.0,0.5,1.0,32.0,0.0,1.0,1.0,0.5,138547.0
32.0,0.0,0.5,1.0,32.0,0.0,1.0,1.0,0.5,138548.0
32.0,0.0,0.5,1.0,32.0,0.0,1.0,1.0,0.5,138549.0
32.0,0.0,0.5,1.0,32.0,0.0,1.0,1.0,0.5,138550.0
32.0,0.0,0.5,1.0,32.0,0.0,1.0,1.0,0.5,138551.0
32.0,0.0,0.5,1.0,32.0,0.0,1.0,1.0,0.5,138552.0
32.0,0.0,0.5,1.0,32.0,0.0,1.0,1.0,0.5,138553.0
32.0,0.0,0.5,1.0,32.0,0.0,1.0,1.0,0.5,138554.0
32.0,0.0,0.5,1.0,32.0,0.0,1.0,1.0,0.5,138555.0
32.0,0.0,0.5,1.0,32.0,0.0,1.0,1.0,0.5,138556.0
32.0,0.0,0.5,1.0,32.0,0.0,1.0,1.0,0.5,138557.0
32.0,0.0,0.5,1.0,32.0,0.0,1.0,1.0,0.5,138558.0
32.0,0.0,0.5,1.0,32.0,0.0,1.0,1.0,0.5,138559.0
32.0,0.0,0.5,1.0,32.0,0.0,1.0,1.0,0.5,138560.0
32.0,0.0,0.5,1.0,32.0,0.0,1.0,1.0,0.5,138561.0
32.0,0.0,0.5,1.0,32.0,0.0,1.0,1.0,0.5,138562.0
32.0,0.0,0.5,1.0,32.0,0.0,1.0,1.0,0.5,138563.0
32.0,0.0,0.5,1.0,32.0,0.0,1.0,1.0,0.5,138564.0
32.0,0.0,0.5,1.0,32.0,0.0,1.0,1.0,0.5,138565.0
32.0,0.0,0.5,1.0,32.0,0.0,1.0,1.0,0.5,138566.0
32.0,0.0,0.5,1.0,32.0,0.0,1.0,1.0,0.5,138567.0
32.0,0.0,0.5,1.0,32.0,0.0,1.0,1.0,0.5,138568.0
32.0,0.0,0.5,1.0,32.0,0.0,1.0,1.0,0.5,138569.0
32.0,0.0,0.5,1.0,32.0,0.0,1.0,1.0,0.5,138570.0
32.0,0.0,0.5,1.0,32.0,0.0,1.0,1.0,0.5,138571.0
32.0,0.0,0.5,1.0,32.0,0.0,1.0,1.0,0.5,138572.0
32.0,0.0,0.5,1.0,32.0,0.0,1.0,1.0,0.5,138573.0
32.0,0.0,0.5,1.0,32.0,0.0,1.0,1.0,0.5,138574.0
32.0,0.0,0.5,1.0,32.0,0.0,1.0,1.0,0.5,138575.0
32.0,0.0,0.5,1.0,32.0,0.0,1.0,1.0,0.5,138576.0
32.0,0.0,0.5,1.0,32.0,0.0,1.0,1.0,0.5,138577.0
32.0,0.0,0.5,1.0,32.0,0.0,1.0,1.0,0.5,138578.0
32.0,0.0,0.5,1.0,32.0,0.0,1.0,1.0,0.5,138579.0
32.0,0.0,0.5,1.0,32.0,0.0,1.0,1.0,0.5,138580.0
32.0,0.0,0.5,1.0,32.0,0.0,1.0,1.0,0.5,138581.0
32.0,0.0,0.5,1.0,32.0,0.0,1.0,1.0,0.5,138582.0
32.0,0.0,0.5,1.0,32.0,0.0,1.0,1.0,0.5,138583.0
32.0,0.0,0.5,1.0,32.0,0.0,1.0,1.0,0.5,138584.0
32.0,0.0,0.5,1.0,32.0,0.0,1.0,1.0,0.5,138585.0
32.0,0.0,0.5,1.0,32.0,0.0,1.0,1.0,0.5,138586.0
32.0,0.0,0.5,1.0,32.0,0.0,1.0,1.0,0.5,138587.0
32.0,0.0,0.5,1.0,32.0,0.0,1.0,1.0,0.5,138588.0
32.0,0.0,0.5,1.0,32.0,0.0,1.0,1.0,0.5,138589.0
32.0,0.0,0.5,1.0,32.0,0.0,1.0,1.0,0.5,138590.0
32.0,0.0,0.5,1.0,32.0,0.0,1.0,1.0,0.5,138591.0
32.0,0.0,0.5,1.0,32.0,0.0,1.0,1.0,0.5,138592.0
32.0,0.0,0.5,1.0,32.0,0.0,1.0,1.0,0.5,138593.0
32.0,0.0,0.5,1.0,32.0,0.0,1.0,1.0,0.5,138594.0
32.0,0.0,0.5,1.0,32.0,0.0,1.0,1.0,0.5,138595.0
32.0,0.0,0.5,1.0,32.0,0.0,1.0,1.0,0.5,138596.0
32.0,0.0,0.5,1.0,32.0,0.0,1.0,1.0,0.5,138597.0
32.0,0.0,0.5,1.0,32.0,0.0,1.0,1.0,0.5,138598.0
32.0,0.0,0.5,1.0,32.0,0.0,1.0,1.0,0.5,138599.0
32.0,0.0,0.5,1.0,32.0,0.0,1.0,1.0,0.5,138600.0
32.0,0.0,0.5,1.0,32.0,0.0,1.0,1.0,0.5,138601.0
32.0,0.0,0.5,1.0,32.0,0.0,1.0,1.0,0.5,138602.0
32.0,0.0,0.5,1.0,32.0,0.0,1.0,1.0,0.5,138603.0
32.0,0.0,0.5,1.0,32.0,0.0,1.0,1.0,0.5,138604.0
32.0,0.0,0.5,1.0,32.0,0.0,1.0,1.0,0.5,138605.0
32.0,0.0,0.5,1.0,32.0,0.0,1.0,1.0,0.5,138606.0
32.0,0.0,0.5,1.0,32.0,0.0,1.0,1.0,0.5,138607.0
32.0,0.0,0.5,1.0,32.0,0.0,1.0,1.0,0.5,138608.0
32.0,0.0,0.5,1.0,32.0,0.0,1.0,1.0,0.5,138609.0
32.0,0.0,0.5,1.0,32.0,0.0,1.0,1.0,0.5,138610.0
32.0,0.0,0.5,1.0,32.0,0.0,1.0,1.0,0.5,138611.0
32.0,0.0,0.5,1.0,32.0,0.0,1.0,1.0,0.5,138612.0
32.0,0.0,0.5,1.0,32.0,0.0,1.0,1.0,0.5,138613.0
32.0,0.0,0.5,1.0,32.0,0.0,1.0,1.0,0.5,138614.0
32.0,0.0,0.5,1.0,32.0,0.0,1.0,1.0,0.5,138615.0
32.0,0.0,0.5,1.0,32.0,0.0,1.0,1.0,0.5,138616.0
32.0,0.0,0.5,1.0,32.0,0.0,1.0,1.0,0.5,138617.0
32.0,0.0,0.5,1.0,32.0,0.0,1.0,1.0,0.5,138618.0
32.0,0.0,0.5,1.0,32.0,0.0,1.0,1.0,0.5,138619.0
32.0,0.0,0.5,1.0,32.0,0.0,1.0,1.0,0.5,138620.0
32.0,0.0,0.5,1.0,32.0,0.0,1.0,1.0,0.5,138621.0
32.0,0.0,0.5,1.0,32.0,0.0,1.0,1.0,0.5,138622.0
32.0,0.0,0.5,1.0,32.0,0.0,1.0,1.0,0.5,138623.0
32.0,0.0,0.5,1.0,32.0,0.0,1.0,1.0,0.5,138624.0
32.0,0.0,0.5,1.0,32.0,0.0,1.0,1.0,0.5,138625.0
32.0,0.0,0.5,1.0,32.0,0.0,1.0,1.0,0.5,138626.0
32.0,0.0,0.5,1.0,32.0,0.0,1.0,1.0,0.5,138627.0
32.0,0.0,0.5,1.0,32.0,0.0,1.0,1.0,0.5,138628.0
32.0,0.0,0.5,1.0,32.0,0.0,1.0,1.0,0.5,138629.0
32.0,0.0,0.5,1.0,32.0,0.0,1.0,1.0,0.5,138630.0
32.0,0.0,0.5,1.0,32.0,0.0,1.0,1.0,0.5,138631.0
32.0,0.0,0.5,1.0,32.0,0.0,1.0,1.0,0.5,138632.0
32.0,0.0,0.5,1.0,32.0,0.0,1.0,1.0,0.5,138633.0
32.0,0.0,0.5,1.0,32.0,0.0,1.0,1.0,0.5,138634.0
32.0,0.0,0.5,1.0,32.0,0.0,1.0,1.0,0.5,138635.0
32.0,0.0,0.5,1.0,32.0,0.0,1.0,1.0,0.5,138636.0
32.0,0.0,0.5,1.0,32.0,0.0,1.0,1.0,0.5,138637.0
32.0,0.0,0.5,1.0,32.0,0.0,1.0,1.0,0.5,138638.0
32.0,0.0,0.5,1.0,32.0,0.0,1.0,1.0,0.5,138639.0
32.0,0.0,0.5,1.0,32.0,0.0,1.0,1.0,0.5,138640.0
32.0,0.0,0.5,1.0,32.0,0.0,1.0,1.0,0.5,138641.0
32.0,0.0,0.5,1.0,32.0,0.0,1.0,1.0,0.5,138642.0
32.0,0.0,0.5,1.0,32.0,0.0,1.0,1.0,0.5,138643.0
32.0,0.0,0.5,1.0,32.0,0.0,1.0,1.0,0.5,138644.0
32.0,0.0,0.5,1.0,32.0,0.0,1.0,1.0,0.5,138645.0
32.0,0.0,0.5,1.0,32.0,0.0,1.0,1.0,0.5,138646.0
32.0,0.0,0.5,1.0,32.0,0.0,1.0,1.0,0.5,138647.0
32.0,0.0,0.5,1.0,32.0,0.0,1.0,1.0,0.5,138648.0
32.0,0.0,0.5,1.0,32.0,0.0,1.0,1.0,0.5,138649.0
32.0,0.0,0.5,1.0,32.0,0.0,1.0,1.0,0.5,138650.0
32.0,0.0,0.5,1.0,32.0,0.0,1.0,1.0,0.5,138651.0
