mean/disc/disc_acc,mean/disc/n_generated,mean/disc/disc_proportion_expert_pred,mean/disc/disc_acc_gen,mean/disc/disc_loss,mean/disc/disc_entropy,mean/disc/disc_acc_expert,mean/disc/disc_proportion_expert_true,mean/disc/global_step,mean/disc/n_expert
1.0,32.0,0.5,1.0,-0.0003421440687816357,0.0,1.0,0.5,422498.0,32.0
1.0,32.0,0.5,1.0,-1.65955389093142e-05,0.0,1.0,0.5,422499.0,32.0
1.0,32.0,0.5,1.0,-0.0003201494109816849,0.0,1.0,0.5,422500.0,32.0
0.984375,32.0,0.515625,0.96875,44.27457379508269,0.0,1.0,0.5,422501.0,32.0
0.9921875,32.0,0.5078125,0.984375,20.42482599487994,0.0,1.0,0.5,422502.0,32.0
0.9765625,32.0,0.5234375,0.953125,23.708300640733796,0.0,1.0,0.5,422503.0,32.0
0.984375,32.0,0.515625,0.96875,24.109928607940674,0.0,1.0,0.5,422504.0,32.0
0.984375,32.0,0.515625,0.96875,29.459012985229492,0.0,1.0,0.5,422505.0,32.0
0.96875,32.0,0.53125,0.9375,38.63742389804975,0.0,1.0,0.5,422506.0,32.0
0.9921875,32.0,0.5078125,0.984375,13.081291471869918,0.0,1.0,0.5,422507.0,32.0
0.984375,32.0,0.515625,0.96875,228.50646559943561,0.0,1.0,0.5,422508.0,32.0
0.9765625,32.0,0.5078125,0.96875,348.33838844299316,0.0,0.984375,0.5,422509.0,32.0
0.9921875,32.0,0.5078125,0.984375,0.2546344882575795,1.8301332671555315e-15,1.0,0.5,422510.0,32.0
0.9765625,32.0,0.5234375,0.953125,479.6659240722656,0.0,1.0,0.5,422511.0,32.0
1.0,32.0,0.5,1.0,0.0002492241128493333,0.0,1.0,0.5,422512.0,32.0
0.984375,32.0,0.515625,0.96875,1.8147887310697115,0.0,1.0,0.5,422513.0,32.0
0.984375,32.0,0.515625,0.96875,3.4057477712631226,0.0,1.0,0.5,422514.0,32.0
0.9765625,32.0,0.5234375,0.953125,29.300792694091797,4.4326648947508084e-10,1.0,0.5,422515.0,32.0
1.0,32.0,0.5,1.0,0.00010740365542005748,0.0,1.0,0.5,422516.0,32.0
0.9609375,32.0,0.5390625,0.921875,37.56583595275879,0.0,1.0,0.5,422517.0,32.0
0.9453125,32.0,0.5546875,0.890625,175.3111572265625,0.0,1.0,0.5,422518.0,32.0
0.9609375,32.0,0.5390625,0.921875,226.36917114257812,0.0,1.0,0.5,422519.0,32.0
0.9375,32.0,0.5625,0.875,451.3448181152344,0.0,1.0,0.5,422520.0,32.0
0.953125,32.0,0.546875,0.90625,217.74398040771484,0.0,1.0,0.5,422521.0,32.0
0.9765625,32.0,0.5234375,0.953125,111.39773178100586,0.0,1.0,0.5,422522.0,32.0
0.9609375,32.0,0.5390625,0.921875,42.38510227203369,0.0,1.0,0.5,422523.0,32.0
0.9765625,32.0,0.5078125,0.96875,34.35032741527539,6.640974665703165e-06,0.984375,0.5,422524.0,32.0
0.9296875,32.0,0.5546875,0.875,237.36133575439453,0.0,0.984375,0.5,422525.0,32.0
0.9453125,32.0,0.5546875,0.890625,217.0879669189453,0.0,1.0,0.5,422526.0,32.0
0.984375,32.0,0.515625,0.96875,87.35480308532715,0.0,1.0,0.5,422527.0,32.0
0.96875,32.0,0.53125,0.9375,64.85539245605469,0.0,1.0,0.5,422528.0,32.0
0.9453125,32.0,0.5390625,0.90625,323.5636901855469,0.0,0.984375,0.5,422529.0,32.0
0.9765625,32.0,0.5234375,0.953125,16.898650916293263,0.0,1.0,0.5,422530.0,32.0
0.96875,32.0,0.53125,0.9375,143.58468627929688,0.0,1.0,0.5,422531.0,32.0
0.9765625,32.0,0.5078125,0.96875,550.2481741905212,0.0,0.984375,0.5,422532.0,32.0
0.984375,32.0,0.515625,0.96875,66.217529296875,0.0,1.0,0.5,422533.0,32.0
0.9453125,32.0,0.5546875,0.890625,130.62618255615234,0.0,1.0,0.5,422534.0,32.0
0.8828125,32.0,0.6171875,0.765625,804.7860717773438,0.0,1.0,0.5,422535.0,32.0
0.9375,32.0,0.5625,0.875,336.82935333251953,0.0,1.0,0.5,422536.0,32.0
0.984375,32.0,0.515625,0.96875,57.20698955084663,0.0,1.0,0.5,422537.0,32.0
0.96875,32.0,0.53125,0.9375,58.29144859313965,0.0,1.0,0.5,422538.0,32.0
0.9453125,32.0,0.5546875,0.890625,113.55721282958984,0.00035192062252644254,1.0,0.5,422539.0,32.0
0.9921875,32.0,0.5078125,0.984375,22.591284290741896,0.0,1.0,0.5,422540.0,32.0
0.9921875,32.0,0.5078125,0.984375,27.78451542651601,0.0,1.0,0.5,422541.0,32.0
0.9765625,32.0,0.5234375,0.953125,7.437507441798516,0.0,1.0,0.5,422542.0,32.0
0.9765625,32.0,0.5078125,0.96875,2.1791629533472587,2.8741636241321e-15,0.984375,0.5,422543.0,32.0
0.984375,32.0,0.515625,0.96875,44.31050049951591,0.0,1.0,0.5,422544.0,32.0
0.9765625,32.0,0.5234375,0.953125,98.2255802587897,0.0,1.0,0.5,422545.0,32.0
0.9765625,32.0,0.5234375,0.953125,29.328969478607178,0.0,1.0,0.5,422546.0,32.0
0.96875,32.0,0.53125,0.9375,104.56192016601562,0.0,1.0,0.5,422547.0,32.0
0.96875,32.0,0.53125,0.9375,204.50780487060547,0.0,1.0,0.5,422548.0,32.0
0.9765625,32.0,0.5234375,0.953125,69.89979457855225,0.0,1.0,0.5,422549.0,32.0
0.9921875,32.0,0.5078125,0.984375,43.1292340461805,0.0,1.0,0.5,422550.0,32.0
0.9921875,32.0,0.5078125,0.984375,50.81114604463801,0.0,1.0,0.5,422551.0,32.0
0.9921875,32.0,0.5078125,0.984375,26.17820326454239,0.0,1.0,0.5,422552.0,32.0
1.0,32.0,0.5,1.0,-0.0002383173123234883,0.0,1.0,0.5,422553.0,32.0
0.9921875,32.0,0.4921875,1.0,3.8908604553871555,0.0,0.984375,0.5,422554.0,32.0
0.9921875,32.0,0.5078125,0.984375,21.517416233895347,0.0,1.0,0.5,422555.0,32.0
1.0,32.0,0.5,1.0,5.969380435999483e-05,0.0,1.0,0.5,422556.0,32.0
1.0,32.0,0.5,1.0,0.00034682101068028715,0.0,1.0,0.5,422557.0,32.0
1.0,32.0,0.5,1.0,0.00012442445586202666,0.0,1.0,0.5,422558.0,32.0
1.0,32.0,0.5,1.0,0.00011124992488475982,0.0,1.0,0.5,422559.0,32.0
0.9921875,32.0,0.4921875,1.0,7.690964896217338,0.0,0.984375,0.5,422560.0,32.0
1.0,32.0,0.5,1.0,-0.00011033869668608531,0.0,1.0,0.5,422561.0,32.0
1.0,32.0,0.5,1.0,0.0004633377102436498,0.0,1.0,0.5,422562.0,32.0
0.9921875,32.0,0.5078125,0.984375,17.055920583137777,0.0,1.0,0.5,422563.0,32.0
0.9765625,32.0,0.5234375,0.953125,95.97357088484569,0.0,1.0,0.5,422564.0,32.0
0.9921875,32.0,0.5078125,0.984375,39.444096543913474,0.0,1.0,0.5,422565.0,32.0
0.9921875,32.0,0.5078125,0.984375,0.745362705525622,0.0,1.0,0.5,422566.0,32.0
0.96875,32.0,0.53125,0.9375,265.3258972167969,0.0,1.0,0.5,422567.0,32.0
1.0,32.0,0.5,1.0,9.487921488471329e-07,0.0,1.0,0.5,422568.0,32.0
0.9765625,32.0,0.5234375,0.953125,4.0884240191589925,0.0,1.0,0.5,422569.0,32.0
0.9765625,32.0,0.5234375,0.953125,4.08333420753479,0.0,1.0,0.5,422570.0,32.0
0.9921875,32.0,0.4921875,1.0,2.4416256572003476,0.0,0.984375,0.5,422571.0,32.0
0.9921875,32.0,0.5078125,0.984375,111.95937013531511,0.0,1.0,0.5,422572.0,32.0
0.9765625,32.0,0.5234375,0.953125,2.0930805944954045,0.0,1.0,0.5,422573.0,32.0
1.0,32.0,0.5,1.0,-8.11429345048964e-05,0.0,1.0,0.5,422574.0,32.0
1.0,32.0,0.5,1.0,1.1122680007247254e-05,0.0,1.0,0.5,422575.0,32.0
1.0,32.0,0.5,1.0,0.00025382984313182533,0.0,1.0,0.5,422576.0,32.0
1.0,32.0,0.5,1.0,0.00016392859106417745,0.0,1.0,0.5,422577.0,32.0
1.0,32.0,0.5,1.0,5.168962525203824e-05,0.0,1.0,0.5,422578.0,32.0
0.9921875,32.0,0.5078125,0.984375,6.32853078370681,0.0,1.0,0.5,422579.0,32.0
0.984375,32.0,0.515625,0.96875,46.874403244321,0.0,1.0,0.5,422580.0,32.0
0.953125,32.0,0.53125,0.921875,107.9337158203125,0.0,0.984375,0.5,422581.0,32.0
0.984375,32.0,0.515625,0.96875,53.8125923091211,0.0,1.0,0.5,422582.0,32.0
1.0,32.0,0.5,1.0,3.3353666367474943e-05,0.0,1.0,0.5,422583.0,32.0
1.0,32.0,0.5,1.0,0.00011180323781445622,0.0,1.0,0.5,422584.0,32.0
1.0,32.0,0.5,1.0,-0.00038946373388171196,0.0,1.0,0.5,422585.0,32.0
1.0,32.0,0.5,1.0,-0.00039425527211278677,0.0,1.0,0.5,422586.0,32.0
1.0,32.0,0.5,1.0,0.0001473023003200069,0.0,1.0,0.5,422587.0,32.0
1.0,32.0,0.5,1.0,-0.0008265390715678222,0.0,1.0,0.5,422588.0,32.0
1.0,32.0,0.5,1.0,-3.6365672713145614e-05,0.0,1.0,0.5,422589.0,32.0
1.0,32.0,0.5,1.0,-0.00011253267075517215,0.0,1.0,0.5,422590.0,32.0
1.0,32.0,0.5,1.0,0.00010585312702460214,0.0,1.0,0.5,422591.0,32.0
1.0,32.0,0.5,1.0,-0.0001304366742260754,0.0,1.0,0.5,422592.0,32.0
0.9921875,32.0,0.4921875,1.0,639.5278692220636,0.0,0.984375,0.5,422593.0,32.0
1.0,32.0,0.5,1.0,-6.390318594640121e-05,0.0,1.0,0.5,422594.0,32.0
1.0,32.0,0.5,1.0,-0.0003737954539246857,0.0,1.0,0.5,422595.0,32.0
1.0,32.0,0.5,1.0,4.946348781231791e-05,0.0,1.0,0.5,422596.0,32.0
1.0,32.0,0.5,1.0,0.00019642345432657748,0.0,1.0,0.5,422597.0,32.0
1.0,32.0,0.5,1.0,0.0001425681730324868,0.0,1.0,0.5,422598.0,32.0
1.0,32.0,0.5,1.0,-0.00034098785545211285,0.0,1.0,0.5,422599.0,32.0
1.0,32.0,0.5,1.0,-0.00012198131298646331,0.0,1.0,0.5,422600.0,32.0
1.0,32.0,0.5,1.0,-0.0002990307693835348,0.0,1.0,0.5,422601.0,32.0
1.0,32.0,0.5,1.0,-5.8300269301980734e-05,0.0,1.0,0.5,422602.0,32.0
1.0,32.0,0.5,1.0,0.0002609249386296142,0.0,1.0,0.5,422603.0,32.0
1.0,32.0,0.5,1.0,-0.0003159947518724948,0.0,1.0,0.5,422604.0,32.0
0.9921875,32.0,0.4921875,1.0,3.1174056246090913,0.0,0.984375,0.5,422605.0,32.0
0.9921875,32.0,0.4921875,1.0,2.8079553020070307,0.0,0.984375,0.5,422606.0,32.0
1.0,32.0,0.5,1.0,0.0003914203516615089,0.0,1.0,0.5,422607.0,32.0
0.9921875,32.0,0.4921875,1.0,600.2918900184814,0.0,0.984375,0.5,422608.0,32.0
1.0,32.0,0.5,1.0,-6.812885840190575e-05,0.0,1.0,0.5,422609.0,32.0
1.0,32.0,0.5,1.0,-0.0008956064993981272,0.0,1.0,0.5,422610.0,32.0
1.0,32.0,0.5,1.0,-0.00018456028192304075,0.0,1.0,0.5,422611.0,32.0
1.0,32.0,0.5,1.0,0.00015742326650070027,0.0,1.0,0.5,422612.0,32.0
1.0,32.0,0.5,1.0,-9.792485798243433e-05,0.0,1.0,0.5,422613.0,32.0
1.0,32.0,0.5,1.0,0.0004548142751445994,0.0,1.0,0.5,422614.0,32.0
1.0,32.0,0.5,1.0,0.0001681263674981892,0.0,1.0,0.5,422615.0,32.0
1.0,32.0,0.5,1.0,0.00011525840818649158,0.0,1.0,0.5,422616.0,32.0
1.0,32.0,0.5,1.0,0.00043848983477801085,0.0,1.0,0.5,422617.0,32.0
0.984375,32.0,0.515625,0.96875,24.089493189618224,0.0,1.0,0.5,422618.0,32.0
1.0,32.0,0.5,1.0,0.0001916412184073124,0.0,1.0,0.5,422619.0,32.0
1.0,32.0,0.5,1.0,0.0006411091890186071,0.0,1.0,0.5,422620.0,32.0
1.0,32.0,0.5,1.0,8.8595857960172e-05,0.0,1.0,0.5,422621.0,32.0
1.0,32.0,0.5,1.0,0.00018850697233574465,0.0,1.0,0.5,422622.0,32.0
1.0,32.0,0.5,1.0,0.00017951436166185886,0.0,1.0,0.5,422623.0,32.0
1.0,32.0,0.5,1.0,-0.0005160689397598617,0.0,1.0,0.5,422624.0,32.0
1.0,32.0,0.5,1.0,-0.00012661536129598971,0.0,1.0,0.5,422625.0,32.0
1.0,32.0,0.5,1.0,0.0001657654793234542,0.0,1.0,0.5,422626.0,32.0
1.0,32.0,0.5,1.0,-0.00011546826863195747,0.0,1.0,0.5,422627.0,32.0
1.0,32.0,0.5,1.0,4.066858673468232e-05,0.0,1.0,0.5,422628.0,32.0
1.0,32.0,0.5,1.0,-0.0002103862279909663,0.0,1.0,0.5,422629.0,32.0
1.0,32.0,0.5,1.0,0.0002539907582104206,0.0,1.0,0.5,422630.0,32.0
1.0,32.0,0.5,1.0,0.00010505827231099829,0.0,1.0,0.5,422631.0,32.0
1.0,32.0,0.5,1.0,-0.00014146100875223055,0.0,1.0,0.5,422632.0,32.0
1.0,32.0,0.5,1.0,0.0001443666551494971,0.0,1.0,0.5,422633.0,32.0
1.0,32.0,0.5,1.0,5.7569530326873064e-05,0.0,1.0,0.5,422634.0,32.0
1.0,32.0,0.5,1.0,0.0002389422443229705,0.0,1.0,0.5,422635.0,32.0
0.9921875,32.0,0.4921875,1.0,352.6973646479528,0.0,0.984375,0.5,422636.0,32.0
0.9921875,32.0,0.5078125,0.984375,56.4116483962498,0.0,1.0,0.5,422637.0,32.0
0.9921875,32.0,0.5078125,0.984375,2.8914973569917493,0.0,1.0,0.5,422638.0,32.0
1.0,32.0,0.5,1.0,-0.0007344597834162414,0.0,1.0,0.5,422639.0,32.0
1.0,32.0,0.5,1.0,-0.0004649485490517691,0.0,1.0,0.5,422640.0,32.0
1.0,32.0,0.5,1.0,4.6489061787724495e-05,0.0,1.0,0.5,422641.0,32.0
1.0,32.0,0.5,1.0,0.0003768084025068674,0.0,1.0,0.5,422642.0,32.0
1.0,32.0,0.5,1.0,0.00023742334451526403,0.0,1.0,0.5,422643.0,32.0
1.0,32.0,0.5,1.0,-5.1120110583724454e-05,0.0,1.0,0.5,422644.0,32.0
0.9921875,32.0,0.5078125,0.984375,5.900113642797805,0.0,1.0,0.5,422645.0,32.0
0.96875,32.0,0.53125,0.9375,45.66231155395508,0.0,1.0,0.5,422646.0,32.0
1.0,32.0,0.5,1.0,-0.00013153632608009502,0.0,1.0,0.5,422647.0,32.0
1.0,32.0,0.5,1.0,7.818213634891436e-05,0.0,1.0,0.5,422648.0,32.0
0.9921875,32.0,0.5078125,0.984375,1.8537461709638592,0.0,1.0,0.5,422649.0,32.0
0.9921875,32.0,0.4921875,1.0,142.9254770396401,0.0,0.984375,0.5,422650.0,32.0
1.0,32.0,0.5,1.0,-0.00022489329421659932,0.0,1.0,0.5,422651.0,32.0
1.0,32.0,0.5,1.0,-0.0003803951040026732,0.0,1.0,0.5,422652.0,32.0
1.0,32.0,0.5,1.0,-2.4621898774057627e-05,0.0,1.0,0.5,422653.0,32.0
1.0,32.0,0.5,1.0,0.00024172032135538757,0.0,1.0,0.5,422654.0,32.0
0.9921875,32.0,0.4921875,1.0,113.8642285742826,0.0,0.984375,0.5,422655.0,32.0
0.9609375,32.0,0.5390625,0.921875,46.83804273605347,0.0,1.0,0.5,422656.0,32.0
1.0,32.0,0.5,1.0,0.00021902163462073077,0.0,1.0,0.5,422657.0,32.0
1.0,32.0,0.5,1.0,-0.00023771155974827707,0.0,1.0,0.5,422658.0,32.0
1.0,32.0,0.5,1.0,-0.00023914151825010777,0.0,1.0,0.5,422659.0,32.0
1.0,32.0,0.5,1.0,0.00018454924884281354,0.0,1.0,0.5,422660.0,32.0
0.9921875,32.0,0.4921875,1.0,6.100678669085028,0.0,0.984375,0.5,422661.0,32.0
0.984375,32.0,0.515625,0.96875,33.4195935305288,0.0,1.0,0.5,422662.0,32.0
1.0,32.0,0.5,1.0,-0.00015394251386169344,0.0,1.0,0.5,422663.0,32.0
0.984375,32.0,0.515625,0.96875,72.36977767944336,0.0,1.0,0.5,422664.0,32.0
0.9921875,32.0,0.5078125,0.984375,3.342190081079025,0.0,1.0,0.5,422665.0,32.0
1.0,32.0,0.5,1.0,-0.00022754321253160015,0.0,1.0,0.5,422666.0,32.0
0.984375,32.0,0.515625,0.96875,80.8441276550293,0.0,1.0,0.5,422667.0,32.0
1.0,32.0,0.5,1.0,-0.00028148724959464744,0.0,1.0,0.5,422668.0,32.0
1.0,32.0,0.5,1.0,-0.00033070748031605035,0.0,1.0,0.5,422669.0,32.0
0.9921875,32.0,0.5078125,0.984375,25.867914739443222,8.649903709966786e-13,1.0,0.5,422670.0,32.0
1.0,32.0,0.5,1.0,0.00022146894480101764,0.0,1.0,0.5,422671.0,32.0
1.0,32.0,0.5,1.0,-0.00019271460769232363,0.0,1.0,0.5,422672.0,32.0
1.0,32.0,0.5,1.0,0.00025071563868550584,0.0,1.0,0.5,422673.0,32.0
1.0,32.0,0.5,1.0,-8.990385686047375e-05,0.0,1.0,0.5,422674.0,32.0
0.9921875,32.0,0.4921875,1.0,7.403467227879446,2.5797302822908723e-09,0.984375,0.5,422675.0,32.0
1.0,32.0,0.5,1.0,-7.387708319583908e-05,0.0,1.0,0.5,422676.0,32.0
0.9921875,32.0,0.4921875,1.0,8.604426375812182,0.0,0.984375,0.5,422677.0,32.0
1.0,32.0,0.5,1.0,-0.00029353025456657633,0.0,1.0,0.5,422678.0,32.0
1.0,32.0,0.5,1.0,0.00028188276337459683,0.0,1.0,0.5,422679.0,32.0
1.0,32.0,0.5,1.0,4.783159965882078e-05,0.0,1.0,0.5,422680.0,32.0
1.0,32.0,0.5,1.0,0.0001739376166369766,0.0,1.0,0.5,422681.0,32.0
0.984375,32.0,0.5,0.984375,29.90174207871314,0.0,0.984375,0.5,422682.0,32.0
1.0,32.0,0.5,1.0,-0.00028277474848437123,0.0,1.0,0.5,422683.0,32.0
1.0,32.0,0.5,1.0,-4.125657142139971e-05,0.0,1.0,0.5,422684.0,32.0
1.0,32.0,0.5,1.0,1.4046396245248616e-05,0.0,1.0,0.5,422685.0,32.0
1.0,32.0,0.5,1.0,0.0003349840408191085,0.0,1.0,0.5,422686.0,32.0
1.0,32.0,0.5,1.0,0.0003250092631787993,0.0,1.0,0.5,422687.0,32.0
0.9921875,32.0,0.4921875,1.0,4.162028596474556,0.0,0.984375,0.5,422688.0,32.0
1.0,32.0,0.5,1.0,4.826724762097001e-06,0.0,1.0,0.5,422689.0,32.0
1.0,32.0,0.5,1.0,0.00026893598260357976,0.0,1.0,0.5,422690.0,32.0
1.0,32.0,0.5,1.0,8.06842144811526e-05,0.0,1.0,0.5,422691.0,32.0
1.0,32.0,0.5,1.0,0.00029397923208307475,0.0,1.0,0.5,422692.0,32.0
1.0,32.0,0.5,1.0,-0.0003858693817164749,0.0,1.0,0.5,422693.0,32.0
1.0,32.0,0.5,1.0,0.0003885377445840277,0.0,1.0,0.5,422694.0,32.0
1.0,32.0,0.5,1.0,0.00028572918017744087,0.0,1.0,0.5,422695.0,32.0
1.0,32.0,0.5,1.0,-0.00028337140975054353,0.0,1.0,0.5,422696.0,32.0
0.9921875,32.0,0.4921875,1.0,3.184784647251945,0.0,0.984375,0.5,422697.0,32.0
0.9921875,32.0,0.4921875,1.0,0.18016069347504526,1.8457000645950462e-11,0.984375,0.5,422698.0,32.0
1.0,32.0,0.5,1.0,5.898540621274151e-05,0.0,1.0,0.5,422699.0,32.0
1.0,32.0,0.5,1.0,-5.112778308102861e-05,0.0,1.0,0.5,422700.0,32.0
1.0,32.0,0.5,1.0,-0.00013467902317643166,0.0,1.0,0.5,422701.0,32.0
0.9921875,32.0,0.5078125,0.984375,77.63251197527279,0.0,1.0,0.5,422702.0,32.0
1.0,32.0,0.5,1.0,0.00027863908690051176,0.0,1.0,0.5,422703.0,32.0
1.0,32.0,0.5,1.0,-4.689200432039797e-05,0.0,1.0,0.5,422704.0,32.0
1.0,32.0,0.5,1.0,0.000297119993774686,0.0,1.0,0.5,422705.0,32.0
0.9921875,32.0,0.5078125,0.984375,62.350596023017715,0.0,1.0,0.5,422706.0,32.0
0.96875,32.0,0.53125,0.9375,16.876327991485596,0.0,1.0,0.5,422707.0,32.0
0.9921875,32.0,0.4921875,1.0,1.409942948812386,0.0,0.984375,0.5,422708.0,32.0
0.984375,32.0,0.515625,0.96875,28.418496131896973,0.0,1.0,0.5,422709.0,32.0
1.0,32.0,0.5,1.0,0.00024132132239174098,0.0,1.0,0.5,422710.0,32.0
1.0,32.0,0.5,1.0,6.725189450662583e-06,0.0,1.0,0.5,422711.0,32.0
1.0,32.0,0.5,1.0,0.0005337470502126962,0.0,1.0,0.5,422712.0,32.0
1.0,32.0,0.5,1.0,2.224128184025176e-05,0.0,1.0,0.5,422713.0,32.0
0.9765625,32.0,0.5234375,0.953125,77.90758895874023,0.0,1.0,0.5,422714.0,32.0
0.9921875,32.0,0.4921875,1.0,916.1570648979177,0.0,0.984375,0.5,422715.0,32.0
1.0,32.0,0.5,1.0,0.0003198661652277224,0.0,1.0,0.5,422716.0,32.0
1.0,32.0,0.5,1.0,-2.7386413421481848e-06,0.0,1.0,0.5,422717.0,32.0
1.0,32.0,0.5,1.0,7.03639816492796e-05,0.0,1.0,0.5,422718.0,32.0
0.9921875,32.0,0.4921875,1.0,1.8046983249223558,0.0,0.984375,0.5,422719.0,32.0
1.0,32.0,0.5,1.0,0.00036994286347180605,0.0,1.0,0.5,422720.0,32.0
0.9921875,32.0,0.4921875,1.0,287.1269440584001,0.0,0.984375,0.5,422721.0,32.0
1.0,32.0,0.5,1.0,-2.7560403395909816e-05,0.0,1.0,0.5,422722.0,32.0
1.0,32.0,0.5,1.0,-0.0003686773561639711,0.0,1.0,0.5,422723.0,32.0
1.0,32.0,0.5,1.0,-0.0001737356487865327,0.0,1.0,0.5,422724.0,32.0
1.0,32.0,0.5,1.0,0.00021511524028028361,0.0,1.0,0.5,422725.0,32.0
1.0,32.0,0.5,1.0,0.00033877322857733816,0.0,1.0,0.5,422726.0,32.0
1.0,32.0,0.5,1.0,-5.0080161599908024e-05,0.0,1.0,0.5,422727.0,32.0
0.9921875,32.0,0.4921875,1.0,3.159211054764455,0.0,0.984375,0.5,422728.0,32.0
1.0,32.0,0.5,1.0,-0.0005154602840775624,0.0,1.0,0.5,422729.0,32.0
1.0,32.0,0.5,1.0,9.625699021853507e-05,0.0,1.0,0.5,422730.0,32.0
1.0,32.0,0.5,1.0,-1.5231311408570036e-05,0.0,1.0,0.5,422731.0,32.0
1.0,32.0,0.5,1.0,-0.00013899361510993913,0.0,1.0,0.5,422732.0,32.0
0.9921875,32.0,0.4921875,1.0,3.5437182615642087,0.0,0.984375,0.5,422733.0,32.0
1.0,32.0,0.5,1.0,-6.185678648762405e-05,0.0,1.0,0.5,422734.0,32.0
1.0,32.0,0.5,1.0,0.00016461208724649623,0.0,1.0,0.5,422735.0,32.0
1.0,32.0,0.5,1.0,-0.00019966373656643555,0.0,1.0,0.5,422736.0,32.0
1.0,32.0,0.5,1.0,0.00019686695304699242,0.0,1.0,0.5,422737.0,32.0
1.0,32.0,0.5,1.0,0.00020911803585477173,4.1206070330622495e-05,1.0,0.5,422738.0,32.0
0.9921875,32.0,0.4921875,1.0,52.44940703031898,0.0,0.984375,0.5,422739.0,32.0
1.0,32.0,0.5,1.0,-0.0003981139889219776,0.0,1.0,0.5,422740.0,32.0
1.0,32.0,0.5,1.0,-8.046373841352761e-05,0.0,1.0,0.5,422741.0,32.0
1.0,32.0,0.5,1.0,3.4022494219243526e-05,0.0,1.0,0.5,422742.0,32.0
1.0,32.0,0.5,1.0,-0.0002775727116386406,0.0,1.0,0.5,422743.0,32.0
0.9921875,32.0,0.4921875,1.0,1.2785182525694836,0.0,0.984375,0.5,422744.0,32.0
1.0,32.0,0.5,1.0,-3.120939072687179e-05,0.0,1.0,0.5,422745.0,32.0
1.0,32.0,0.5,1.0,0.00010765936167445034,0.0,1.0,0.5,422746.0,32.0
1.0,32.0,0.5,1.0,8.408076246269047e-05,0.0,1.0,0.5,422747.0,32.0
1.0,32.0,0.5,1.0,2.3356406018137932e-05,0.0,1.0,0.5,422748.0,32.0
1.0,32.0,0.5,1.0,8.328437979798764e-05,0.0,1.0,0.5,422749.0,32.0
1.0,32.0,0.5,1.0,0.00013379221491049975,0.0,1.0,0.5,422750.0,32.0
1.0,32.0,0.5,1.0,-0.00017061209291568957,0.0,1.0,0.5,422751.0,32.0
1.0,32.0,0.5,1.0,0.0006873343590996228,0.0,1.0,0.5,422752.0,32.0
1.0,32.0,0.5,1.0,0.00013941396173322573,0.0,1.0,0.5,422753.0,32.0
1.0,32.0,0.5,1.0,-0.0005196620913920924,0.0,1.0,0.5,422754.0,32.0
1.0,32.0,0.5,1.0,3.0912196962162852e-06,0.0,1.0,0.5,422755.0,32.0
1.0,32.0,0.5,1.0,-3.602826291171368e-05,0.0,1.0,0.5,422756.0,32.0
1.0,32.0,0.5,1.0,-0.0004296343104215339,0.0,1.0,0.5,422757.0,32.0
1.0,32.0,0.5,1.0,-1.9257815438322723e-05,0.0,1.0,0.5,422758.0,32.0
1.0,32.0,0.5,1.0,2.3371248971670866e-05,0.0,1.0,0.5,422759.0,32.0
1.0,32.0,0.5,1.0,0.0003954268540837802,0.0,1.0,0.5,422760.0,32.0
1.0,32.0,0.5,1.0,-4.41373122157529e-05,0.0,1.0,0.5,422761.0,32.0
1.0,32.0,0.5,1.0,0.0003479990737105254,0.0,1.0,0.5,422762.0,32.0
1.0,32.0,0.5,1.0,0.00018080073641613126,0.0,1.0,0.5,422763.0,32.0
1.0,32.0,0.5,1.0,0.00034676647919695824,0.0,1.0,0.5,422764.0,32.0
1.0,32.0,0.5,1.0,0.0007294289680430666,0.0,1.0,0.5,422765.0,32.0
1.0,32.0,0.5,1.0,-5.453057383419946e-05,0.0,1.0,0.5,422766.0,32.0
1.0,32.0,0.5,1.0,-0.00020380394016683567,0.0,1.0,0.5,422767.0,32.0
1.0,32.0,0.5,1.0,-0.00021948495123069733,0.0,1.0,0.5,422768.0,32.0
1.0,32.0,0.5,1.0,5.1477491069817916e-06,0.0,1.0,0.5,422769.0,32.0
1.0,32.0,0.5,1.0,-3.9644331991439685e-05,0.0,1.0,0.5,422770.0,32.0
0.9921875,32.0,0.4921875,1.0,0.2995155655698909,0.0,0.984375,0.5,422771.0,32.0
1.0,32.0,0.5,1.0,-0.00020950167527189478,0.0,1.0,0.5,422772.0,32.0
1.0,32.0,0.5,1.0,-0.00016126203263411298,0.0,1.0,0.5,422773.0,32.0
1.0,32.0,0.5,1.0,0.0005265576910460368,0.0,1.0,0.5,422774.0,32.0
0.9921875,32.0,0.4921875,1.0,5.449161895987345,0.0,0.984375,0.5,422775.0,32.0
1.0,32.0,0.5,1.0,-0.00012591754784807563,0.0,1.0,0.5,422776.0,32.0
1.0,32.0,0.5,1.0,-2.3792275896994397e-05,0.0,1.0,0.5,422777.0,32.0
1.0,32.0,0.5,1.0,5.819512080051936e-05,0.0,1.0,0.5,422778.0,32.0
0.984375,32.0,0.515625,0.96875,5.088923246410559,0.0,1.0,0.5,422779.0,32.0
1.0,32.0,0.5,1.0,5.917344242334366e-05,0.0,1.0,0.5,422780.0,32.0
0.9921875,32.0,0.4921875,1.0,2.151475778540771,0.0,0.984375,0.5,422781.0,32.0
0.984375,32.0,0.515625,0.96875,12.817351818084717,0.0,1.0,0.5,422782.0,32.0
1.0,32.0,0.5,1.0,-0.0002896782971220091,0.0,1.0,0.5,422783.0,32.0
1.0,32.0,0.5,1.0,-0.0003835218376480043,0.0,1.0,0.5,422784.0,32.0
0.96875,32.0,0.53125,0.9375,18.716195583343506,0.0,1.0,0.5,422785.0,32.0
1.0,32.0,0.5,1.0,-0.0001226076674356591,0.0,1.0,0.5,422786.0,32.0
1.0,32.0,0.5,1.0,-2.405329723842442e-05,0.0,1.0,0.5,422787.0,32.0
0.9921875,32.0,0.4921875,1.0,1.730705611358644,0.0,0.984375,0.5,422788.0,32.0
1.0,32.0,0.5,1.0,5.768839764641598e-05,0.0,1.0,0.5,422789.0,32.0
1.0,32.0,0.5,1.0,3.7181598600000143e-06,0.0,1.0,0.5,422790.0,32.0
1.0,32.0,0.5,1.0,-0.00015197903849184513,0.0,1.0,0.5,422791.0,32.0
1.0,32.0,0.5,1.0,-5.650659295497462e-05,0.0,1.0,0.5,422792.0,32.0
0.9921875,32.0,0.5078125,0.984375,5.4274487191287335,0.0,1.0,0.5,422793.0,32.0
1.0,32.0,0.5,1.0,0.00025137201009783894,0.0,1.0,0.5,422794.0,32.0
0.984375,32.0,0.515625,0.96875,10.404978518403368,0.0,1.0,0.5,422795.0,32.0
1.0,32.0,0.5,1.0,2.3956694349180907e-05,0.0,1.0,0.5,422796.0,32.0
1.0,32.0,0.5,1.0,5.5732332839397714e-05,0.0,1.0,0.5,422797.0,32.0
1.0,32.0,0.5,1.0,-5.5447388149332255e-05,0.0,1.0,0.5,422798.0,32.0
1.0,32.0,0.5,1.0,3.3877855457831174e-05,0.0,1.0,0.5,422799.0,32.0
1.0,32.0,0.5,1.0,-0.0002789668651530519,0.0,1.0,0.5,422800.0,32.0
1.0,32.0,0.5,1.0,-0.00014157613986753859,0.0,1.0,0.5,422801.0,32.0
0.9921875,32.0,0.5078125,0.984375,4.7823054322070675,0.0,1.0,0.5,422802.0,32.0
1.0,32.0,0.5,1.0,0.00027933566889259964,0.0,1.0,0.5,422803.0,32.0
1.0,32.0,0.5,1.0,-0.00021460097923409194,0.0,1.0,0.5,422804.0,32.0
0.9765625,32.0,0.5078125,0.96875,862.2739582061768,0.0,0.984375,0.5,422805.0,32.0
1.0,32.0,0.5,1.0,-0.00014126970381767023,0.0,1.0,0.5,422806.0,32.0
1.0,32.0,0.5,1.0,-0.0003002693847520277,0.0,1.0,0.5,422807.0,32.0
1.0,32.0,0.5,1.0,-4.876188177149743e-05,0.0,1.0,0.5,422808.0,32.0
0.984375,32.0,0.515625,0.96875,44.918846710155776,0.0,1.0,0.5,422809.0,32.0
0.9921875,32.0,0.5078125,0.984375,6.602765407638799,0.0,1.0,0.5,422810.0,32.0
1.0,32.0,0.5,1.0,0.0002781938892439939,0.0,1.0,0.5,422811.0,32.0
1.0,32.0,0.5,1.0,0.0001324131717410637,0.0,1.0,0.5,422812.0,32.0
0.9453125,32.0,0.5546875,0.890625,157.83773803710938,0.0,1.0,0.5,422813.0,32.0
0.9921875,32.0,0.5078125,0.984375,24.375028755457606,0.0,1.0,0.5,422814.0,32.0
0.9609375,32.0,0.5390625,0.921875,169.58035278320312,0.0,1.0,0.5,422815.0,32.0
0.984375,32.0,0.515625,0.96875,46.50476031150902,0.0,1.0,0.5,422816.0,32.0
1.0,32.0,0.5,1.0,0.000201000924789696,0.0,1.0,0.5,422817.0,32.0
0.9609375,32.0,0.5390625,0.921875,46.19135665893555,0.0,1.0,0.5,422818.0,32.0
0.9609375,32.0,0.5234375,0.9375,25.856725692749023,4.6357015448528065e-14,0.984375,0.5,422819.0,32.0
1.0,32.0,0.5,1.0,-0.0002221899267169647,0.0,1.0,0.5,422820.0,32.0
0.9921875,32.0,0.5078125,0.984375,11.391910668928176,4.0072112295064244e-16,1.0,0.5,422821.0,32.0
0.9609375,32.0,0.5390625,0.921875,111.1374626159668,0.0,1.0,0.5,422822.0,32.0
1.0,32.0,0.5,1.0,-0.00012360729306237772,0.0,1.0,0.5,422823.0,32.0
1.0,32.0,0.5,1.0,0.000165323173860088,0.0,1.0,0.5,422824.0,32.0
0.9765625,32.0,0.5234375,0.953125,28.59468364715576,0.0,1.0,0.5,422825.0,32.0
1.0,32.0,0.5,1.0,-0.00030171446269378066,0.0,1.0,0.5,422826.0,32.0
1.0,32.0,0.5,1.0,0.0002285924056195654,0.0,1.0,0.5,422827.0,32.0
0.9609375,32.0,0.5390625,0.921875,73.59943008422852,0.0,1.0,0.5,422828.0,32.0
0.984375,32.0,0.515625,0.96875,10.399580511693785,0.0,1.0,0.5,422829.0,32.0
1.0,32.0,0.5,1.0,0.0003356299130246043,0.0,1.0,0.5,422830.0,32.0
0.9609375,32.0,0.5390625,0.921875,103.38073348999023,0.0,1.0,0.5,422831.0,32.0
0.9921875,32.0,0.4921875,1.0,2.4212722791999113,0.0,0.984375,0.5,422832.0,32.0
0.9921875,32.0,0.5078125,0.984375,19.23808548413217,0.0,1.0,0.5,422833.0,32.0
0.96875,32.0,0.515625,0.953125,61.35824644565582,0.0,0.984375,0.5,422834.0,32.0
0.96875,32.0,0.53125,0.9375,110.96477890014648,9.195435517082462e-15,1.0,0.5,422835.0,32.0
1.0,32.0,0.5,1.0,-7.809502858435735e-05,0.0,1.0,0.5,422836.0,32.0
0.953125,32.0,0.546875,0.90625,163.45456886291504,0.0,1.0,0.5,422837.0,32.0
0.9296875,32.0,0.5703125,0.859375,339.88232421875,0.0,1.0,0.5,422838.0,32.0
1.0,32.0,0.5,1.0,-0.00037799717392772436,0.0,1.0,0.5,422839.0,32.0
0.9765625,32.0,0.5234375,0.953125,24.858181953430176,0.0,1.0,0.5,422840.0,32.0
0.9765625,32.0,0.5234375,0.953125,56.00716465431469,1.4091125429142185e-15,1.0,0.5,422841.0,32.0
1.0,32.0,0.5,1.0,6.899408617755398e-05,0.0,1.0,0.5,422842.0,32.0
0.9609375,32.0,0.5390625,0.921875,76.21923446655273,0.0,1.0,0.5,422843.0,32.0
1.0,32.0,0.5,1.0,-2.060366387013346e-05,0.0,1.0,0.5,422844.0,32.0
0.9921875,32.0,0.4921875,1.0,0.556184335371654,0.0,0.984375,0.5,422845.0,32.0
0.9921875,32.0,0.5078125,0.984375,8.782100936718052,0.0,1.0,0.5,422846.0,32.0
1.0,32.0,0.5,1.0,-0.00010246253805235028,0.0,1.0,0.5,422847.0,32.0
1.0,32.0,0.5,1.0,-8.370596333406866e-05,0.0,1.0,0.5,422848.0,32.0
0.9765625,32.0,0.5078125,0.96875,61.031864166259766,0.0,0.984375,0.5,422849.0,32.0
0.9921875,32.0,0.5078125,0.984375,18.934499310926185,0.0,1.0,0.5,422850.0,32.0
1.0,32.0,0.5,1.0,-0.0004924842723994516,0.0,1.0,0.5,422851.0,32.0
1.0,32.0,0.5,1.0,0.00018965941126225516,0.0,1.0,0.5,422852.0,32.0
1.0,32.0,0.5,1.0,-0.000248486889177002,0.0,1.0,0.5,422853.0,32.0
0.96875,32.0,0.53125,0.9375,134.75237274169922,0.0,1.0,0.5,422854.0,32.0
1.0,32.0,0.5,1.0,-8.943002467276528e-05,0.0,1.0,0.5,422855.0,32.0
1.0,32.0,0.5,1.0,-0.0003232116287108511,0.0,1.0,0.5,422856.0,32.0
1.0,32.0,0.5,1.0,-0.00036636865843320265,0.0,1.0,0.5,422857.0,32.0
1.0,32.0,0.5,1.0,-0.00010272198414895684,0.0,1.0,0.5,422858.0,32.0
1.0,32.0,0.5,1.0,0.00022943085059523582,0.0,1.0,0.5,422859.0,32.0
1.0,32.0,0.5,1.0,-0.0002795936270558741,0.0,1.0,0.5,422860.0,32.0
1.0,32.0,0.5,1.0,0.0004041910942760296,0.0,1.0,0.5,422861.0,32.0
1.0,32.0,0.5,1.0,0.00024016098905121908,0.0,1.0,0.5,422862.0,32.0
1.0,32.0,0.5,1.0,5.665617936756462e-05,0.0,1.0,0.5,422863.0,32.0
1.0,32.0,0.5,1.0,0.0002666531945578754,0.0,1.0,0.5,422864.0,32.0
1.0,32.0,0.5,1.0,0.00012549161692732014,0.0,1.0,0.5,422865.0,32.0
1.0,32.0,0.5,1.0,0.00026849459936784115,0.0,1.0,0.5,422866.0,32.0
1.0,32.0,0.5,1.0,-4.888333205599338e-05,0.0,1.0,0.5,422867.0,32.0
1.0,32.0,0.5,1.0,-0.0005625187914120033,0.0,1.0,0.5,422868.0,32.0
1.0,32.0,0.5,1.0,0.00014257094881031662,0.0,1.0,0.5,422869.0,32.0
1.0,32.0,0.5,1.0,-0.0001385411887895316,0.0,1.0,0.5,422870.0,32.0
1.0,32.0,0.5,1.0,-4.16031398344785e-05,0.0,1.0,0.5,422871.0,32.0
1.0,32.0,0.5,1.0,0.000527794698427897,0.0,1.0,0.5,422872.0,32.0
1.0,32.0,0.5,1.0,-3.699133958434686e-05,0.0,1.0,0.5,422873.0,32.0
1.0,32.0,0.5,1.0,0.0004438282048795372,0.0,1.0,0.5,422874.0,32.0
1.0,32.0,0.5,1.0,0.00026655380497686565,0.0,1.0,0.5,422875.0,32.0
1.0,32.0,0.5,1.0,-0.00018833967988030054,0.0,1.0,0.5,422876.0,32.0
1.0,32.0,0.5,1.0,0.00019573945610318333,0.0,1.0,0.5,422877.0,32.0
1.0,32.0,0.5,1.0,-8.180337317753583e-05,0.0,1.0,0.5,422878.0,32.0
1.0,32.0,0.5,1.0,-0.00013182198017602786,0.0,1.0,0.5,422879.0,32.0
1.0,32.0,0.5,1.0,0.00018744991393759847,0.0,1.0,0.5,422880.0,32.0
1.0,32.0,0.5,1.0,-0.0001649928162805736,0.0,1.0,0.5,422881.0,32.0
1.0,32.0,0.5,1.0,-2.540788409532979e-05,0.0,1.0,0.5,422882.0,32.0
1.0,32.0,0.5,1.0,0.0003527550034050364,0.0,1.0,0.5,422883.0,32.0
1.0,32.0,0.5,1.0,0.0002801868395181373,0.0,1.0,0.5,422884.0,32.0
1.0,32.0,0.5,1.0,-0.0003292669207439758,0.0,1.0,0.5,422885.0,32.0
1.0,32.0,0.5,1.0,0.00012162485654698685,0.0,1.0,0.5,422886.0,32.0
1.0,32.0,0.5,1.0,0.00023271708050742745,0.0,1.0,0.5,422887.0,32.0
1.0,32.0,0.5,1.0,-0.00012971425894647837,0.0,1.0,0.5,422888.0,32.0
1.0,32.0,0.5,1.0,7.684555021114647e-05,0.0,1.0,0.5,422889.0,32.0
1.0,32.0,0.5,1.0,0.00012831659842049703,0.0,1.0,0.5,422890.0,32.0
1.0,32.0,0.5,1.0,0.0001057962163031334,0.0,1.0,0.5,422891.0,32.0
1.0,32.0,0.5,1.0,0.000275921993306838,0.0,1.0,0.5,422892.0,32.0
1.0,32.0,0.5,1.0,0.00047241197898983955,0.0,1.0,0.5,422893.0,32.0
1.0,32.0,0.5,1.0,1.880429044831544e-05,0.0,1.0,0.5,422894.0,32.0
1.0,32.0,0.5,1.0,1.4380289940163493e-05,0.0,1.0,0.5,422895.0,32.0
1.0,32.0,0.5,1.0,0.00010174378985539079,0.0,1.0,0.5,422896.0,32.0
1.0,32.0,0.5,1.0,-4.017809987999499e-05,0.0,1.0,0.5,422897.0,32.0
1.0,32.0,0.5,1.0,1.630932092666626e-05,0.0,1.0,0.5,422898.0,32.0
0.9921875,32.0,0.5078125,0.984375,12.877839966356987,0.0,1.0,0.5,422899.0,32.0
1.0,32.0,0.5,1.0,0.0003541659389156848,0.0,1.0,0.5,422900.0,32.0
1.0,32.0,0.5,1.0,0.0001615367445992888,0.0,1.0,0.5,422901.0,32.0
1.0,32.0,0.5,1.0,-8.603924652561545e-05,0.0,1.0,0.5,422902.0,32.0
1.0,32.0,0.5,1.0,-0.0001979897206183523,0.0,1.0,0.5,422903.0,32.0
1.0,32.0,0.5,1.0,-2.2983367671258748e-05,0.0,1.0,0.5,422904.0,32.0
1.0,32.0,0.5,1.0,-0.0005414017578004859,0.0,1.0,0.5,422905.0,32.0
1.0,32.0,0.5,1.0,5.1511065976228565e-05,0.0,1.0,0.5,422906.0,32.0
