raw/disc/disc_acc_gen,raw/disc/disc_loss,raw/disc/global_step,raw/disc/n_generated,raw/disc/disc_proportion_expert_true,raw/disc/disc_acc_expert,raw/disc/disc_acc,raw/disc/disc_entropy,raw/disc/n_expert,raw/disc/disc_proportion_expert_pred
1.0,2.2375399566954002e-05,100206,32.0,0.5,1.0,1.0,0.0,32.0,0.5
1.0,3.034997916984139e-06,100206,32.0,0.5,1.0,1.0,0.0,32.0,0.5
1.0,-7.8564953582827e-06,100207,32.0,0.5,1.0,1.0,0.0,32.0,0.5
1.0,-4.670012003771262e-06,100207,32.0,0.5,1.0,1.0,0.0,32.0,0.5
1.0,-3.2568859751336277e-06,100208,32.0,0.5,1.0,1.0,0.0,32.0,0.5
1.0,-1.3536541700887028e-06,100208,32.0,0.5,1.0,1.0,0.0,32.0,0.5
1.0,-5.603350928140571e-06,100209,32.0,0.5,1.0,1.0,0.0,32.0,0.5
1.0,1.2504269761848263e-06,100209,32.0,0.5,1.0,1.0,0.0,32.0,0.5
1.0,-2.4177838895411696e-06,100210,32.0,0.5,1.0,1.0,0.0,32.0,0.5
1.0,1.7078562450478785e-05,100210,32.0,0.5,1.0,1.0,0.0,32.0,0.5
1.0,-4.695539246313274e-07,100211,32.0,0.5,1.0,1.0,0.0,32.0,0.5
1.0,-2.0560673874570057e-05,100211,32.0,0.5,1.0,1.0,0.0,32.0,0.5
1.0,-7.208866918517742e-06,100212,32.0,0.5,1.0,1.0,0.0,32.0,0.5
1.0,-3.392436155991163e-06,100212,32.0,0.5,1.0,1.0,0.0,32.0,0.5
1.0,1.190495731862029e-05,100213,32.0,0.5,1.0,1.0,0.0,32.0,0.5
1.0,1.4104599358688574e-05,100213,32.0,0.5,1.0,1.0,0.0,32.0,0.5
1.0,-1.10730461528874e-05,100214,32.0,0.5,1.0,1.0,0.0,32.0,0.5
1.0,3.4775475796777755e-06,100214,32.0,0.5,1.0,1.0,0.0,32.0,0.5
1.0,5.352017524273833e-06,100215,32.0,0.5,1.0,1.0,0.0,32.0,0.5
1.0,-4.174937203060836e-06,100215,32.0,0.5,1.0,1.0,0.0,32.0,0.5
1.0,6.0715879044437315e-06,100216,32.0,0.5,1.0,1.0,0.0,32.0,0.5
1.0,3.0565693123207893e-06,100216,32.0,0.5,1.0,1.0,0.0,32.0,0.5
1.0,-1.4141311112325639e-05,100217,32.0,0.5,1.0,1.0,0.0,32.0,0.5
1.0,2.867479906853987e-06,100217,32.0,0.5,1.0,1.0,0.0,32.0,0.5
1.0,-1.3795015547657385e-06,100218,32.0,0.5,1.0,1.0,0.0,32.0,0.5
1.0,-1.529723340354394e-05,100218,32.0,0.5,1.0,1.0,0.0,32.0,0.5
1.0,1.0203800229646731e-05,100219,32.0,0.5,1.0,1.0,0.0,32.0,0.5
1.0,-1.2072418940078933e-05,100219,32.0,0.5,1.0,1.0,0.0,32.0,0.5
1.0,-1.2110745956306346e-05,100220,32.0,0.5,1.0,1.0,0.0,32.0,0.5
1.0,-1.3564860637416132e-05,100220,32.0,0.5,1.0,1.0,0.0,32.0,0.5
1.0,-2.1591527911368757e-05,100221,32.0,0.5,1.0,1.0,0.0,32.0,0.5
1.0,2.726651473494712e-07,100221,32.0,0.5,1.0,1.0,0.0,32.0,0.5
1.0,-8.368484486709349e-06,100222,32.0,0.5,1.0,1.0,0.0,32.0,0.5
1.0,-9.553677955409512e-06,100222,32.0,0.5,1.0,1.0,0.0,32.0,0.5
1.0,-1.2347599295026157e-05,100223,32.0,0.5,1.0,1.0,0.0,32.0,0.5
1.0,-5.734011210734025e-06,100223,32.0,0.5,1.0,1.0,0.0,32.0,0.5
1.0,-2.0797182514797896e-05,100224,32.0,0.5,1.0,1.0,0.0,32.0,0.5
1.0,2.0307254544604803e-07,100224,32.0,0.5,1.0,1.0,0.0,32.0,0.5
1.0,-5.925533059780719e-06,100225,32.0,0.5,1.0,1.0,0.0,32.0,0.5
1.0,-2.5560901121934876e-05,100225,32.0,0.5,1.0,1.0,0.0,32.0,0.5
1.0,5.084420990897343e-07,100226,32.0,0.5,1.0,1.0,0.0,32.0,0.5
1.0,3.3173823794641066e-06,100226,32.0,0.5,1.0,1.0,0.0,32.0,0.5
1.0,2.940964805020485e-08,100227,32.0,0.5,1.0,1.0,0.0,32.0,0.5
1.0,-3.4038955618598266e-06,100227,32.0,0.5,1.0,1.0,0.0,32.0,0.5
1.0,-5.3226895033731125e-06,100228,32.0,0.5,1.0,1.0,0.0,32.0,0.5
1.0,-3.5304101402289234e-06,100228,32.0,0.5,1.0,1.0,0.0,32.0,0.5
1.0,-1.6299632989102975e-05,100229,32.0,0.5,1.0,1.0,0.0,32.0,0.5
1.0,-6.724761078658048e-06,100229,32.0,0.5,1.0,1.0,0.0,32.0,0.5
1.0,3.1635436243959703e-06,100230,32.0,0.5,1.0,1.0,0.0,32.0,0.5
1.0,-1.7937662050826475e-05,100230,32.0,0.5,1.0,1.0,0.0,32.0,0.5
1.0,-8.462143341603223e-06,100231,32.0,0.5,1.0,1.0,0.0,32.0,0.5
1.0,-1.0804333214764483e-05,100231,32.0,0.5,1.0,1.0,0.0,32.0,0.5
1.0,1.5025652828626335e-06,100232,32.0,0.5,1.0,1.0,0.0,32.0,0.5
1.0,-8.423500730714295e-06,100232,32.0,0.5,1.0,1.0,0.0,32.0,0.5
1.0,2.1562111669481965e-06,100233,32.0,0.5,1.0,1.0,0.0,32.0,0.5
1.0,2.25582280108938e-05,100233,32.0,0.5,1.0,1.0,0.0,32.0,0.5
1.0,-7.048318366287276e-06,100234,32.0,0.5,1.0,1.0,0.0,32.0,0.5
1.0,-9.202050932799466e-06,100234,32.0,0.5,1.0,1.0,0.0,32.0,0.5
1.0,-1.4472805105469888e-06,100235,32.0,0.5,1.0,1.0,0.0,32.0,0.5
1.0,1.9722909200936556e-05,100235,32.0,0.5,1.0,1.0,0.0,32.0,0.5
1.0,-8.628860086901113e-06,100236,32.0,0.5,1.0,1.0,0.0,32.0,0.5
1.0,5.337865331966896e-06,100236,32.0,0.5,1.0,1.0,0.0,32.0,0.5
1.0,1.2622608664969448e-06,100237,32.0,0.5,1.0,1.0,0.0,32.0,0.5
1.0,5.090423201181693e-06,100237,32.0,0.5,1.0,1.0,0.0,32.0,0.5
1.0,-4.41119209426688e-06,100238,32.0,0.5,1.0,1.0,0.0,32.0,0.5
1.0,4.776883542945143e-06,100238,32.0,0.5,1.0,1.0,0.0,32.0,0.5
1.0,-3.1489862521993928e-06,100239,32.0,0.5,1.0,1.0,0.0,32.0,0.5
1.0,9.251514711650088e-06,100239,32.0,0.5,1.0,1.0,0.0,32.0,0.5
1.0,-5.61909882890177e-06,100240,32.0,0.5,1.0,1.0,0.0,32.0,0.5
1.0,5.3833223319088574e-06,100240,32.0,0.5,1.0,1.0,0.0,32.0,0.5
1.0,-1.0958374332403764e-05,100241,32.0,0.5,1.0,1.0,0.0,32.0,0.5
1.0,-3.7355102904257365e-06,100241,32.0,0.5,1.0,1.0,0.0,32.0,0.5
1.0,-7.0305773078871425e-06,100242,32.0,0.5,1.0,1.0,0.0,32.0,0.5
1.0,1.0933847079286352e-05,100242,32.0,0.5,1.0,1.0,0.0,32.0,0.5
1.0,8.944729188442579e-07,100243,32.0,0.5,1.0,1.0,0.0,32.0,0.5
1.0,3.520201971696224e-06,100243,32.0,0.5,1.0,1.0,0.0,32.0,0.5
1.0,2.7380703613744117e-05,100244,32.0,0.5,1.0,1.0,0.0,32.0,0.5
1.0,-2.2250446818361524e-07,100244,32.0,0.5,1.0,1.0,0.0,32.0,0.5
1.0,-6.142835900391219e-06,100245,32.0,0.5,1.0,1.0,0.0,32.0,0.5
1.0,1.1135324712086003e-05,100245,32.0,0.5,1.0,1.0,0.0,32.0,0.5
1.0,-6.1816099332645535e-06,100246,32.0,0.5,1.0,1.0,0.0,32.0,0.5
1.0,1.4070081306272186e-05,100246,32.0,0.5,1.0,1.0,0.0,32.0,0.5
1.0,-1.9924004845961463e-06,100247,32.0,0.5,1.0,1.0,0.0,32.0,0.5
1.0,-8.18815897218883e-06,100247,32.0,0.5,1.0,1.0,0.0,32.0,0.5
1.0,1.812594746297691e-06,100248,32.0,0.5,1.0,1.0,0.0,32.0,0.5
1.0,-2.9251211799419252e-06,100248,32.0,0.5,1.0,1.0,0.0,32.0,0.5
1.0,1.2362270354060456e-05,100249,32.0,0.5,1.0,1.0,0.0,32.0,0.5
1.0,6.070213203202002e-07,100249,32.0,0.5,1.0,1.0,0.0,32.0,0.5
1.0,8.632042408862617e-06,100250,32.0,0.5,1.0,1.0,0.0,32.0,0.5
1.0,2.248037708341144e-05,100250,32.0,0.5,1.0,1.0,0.0,32.0,0.5
1.0,-1.7019918232108466e-05,100251,32.0,0.5,1.0,1.0,0.0,32.0,0.5
1.0,-1.7978400137508288e-05,100251,32.0,0.5,1.0,1.0,0.0,32.0,0.5
1.0,8.300542504002806e-06,100252,32.0,0.5,1.0,1.0,0.0,32.0,0.5
1.0,-1.2453810995793901e-06,100252,32.0,0.5,1.0,1.0,0.0,32.0,0.5
1.0,-3.0100011372269364e-07,100253,32.0,0.5,1.0,1.0,0.0,32.0,0.5
1.0,-1.5600529877701774e-05,100253,32.0,0.5,1.0,1.0,0.0,32.0,0.5
1.0,1.40094016387593e-07,100254,32.0,0.5,1.0,1.0,0.0,32.0,0.5
1.0,-1.0164780178456567e-05,100254,32.0,0.5,1.0,1.0,0.0,32.0,0.5
1.0,1.5160958355409093e-05,100255,32.0,0.5,1.0,1.0,0.0,32.0,0.5
1.0,4.901567081105895e-07,100255,32.0,0.5,1.0,1.0,0.0,32.0,0.5
1.0,8.808542588667478e-06,100256,32.0,0.5,1.0,1.0,0.0,32.0,0.5
1.0,-1.3451323184199282e-06,100256,32.0,0.5,1.0,1.0,0.0,32.0,0.5
1.0,3.7004053865530295e-06,100257,32.0,0.5,1.0,1.0,0.0,32.0,0.5
1.0,-2.4544544430682436e-05,100257,32.0,0.5,1.0,1.0,0.0,32.0,0.5
1.0,-7.5567841122392565e-06,100258,32.0,0.5,1.0,1.0,0.0,32.0,0.5
1.0,-1.0832759471668396e-05,100258,32.0,0.5,1.0,1.0,0.0,32.0,0.5
1.0,1.2000067727058195e-05,100259,32.0,0.5,1.0,1.0,0.0,32.0,0.5
1.0,-4.860878107137978e-06,100259,32.0,0.5,1.0,1.0,0.0,32.0,0.5
1.0,-7.391672170342645e-06,100260,32.0,0.5,1.0,1.0,0.0,32.0,0.5
1.0,-8.980340680864174e-06,100260,32.0,0.5,1.0,1.0,0.0,32.0,0.5
1.0,-7.034487680357415e-06,100261,32.0,0.5,1.0,1.0,0.0,32.0,0.5
1.0,3.372769697307376e-06,100261,32.0,0.5,1.0,1.0,0.0,32.0,0.5
1.0,1.1855097909574397e-05,100262,32.0,0.5,1.0,1.0,0.0,32.0,0.5
1.0,-1.752701609802898e-05,100262,32.0,0.5,1.0,1.0,0.0,32.0,0.5
1.0,9.810575647861697e-06,100263,32.0,0.5,1.0,1.0,0.0,32.0,0.5
1.0,-8.46649709274061e-06,100263,32.0,0.5,1.0,1.0,0.0,32.0,0.5
1.0,7.500646461267024e-06,100264,32.0,0.5,1.0,1.0,0.0,32.0,0.5
1.0,6.46246007818263e-06,100264,32.0,0.5,1.0,1.0,0.0,32.0,0.5
1.0,-2.398099604761228e-05,100265,32.0,0.5,1.0,1.0,0.0,32.0,0.5
1.0,-1.571497523400467e-05,100265,32.0,0.5,1.0,1.0,0.0,32.0,0.5
1.0,5.545512976823375e-06,100266,32.0,0.5,1.0,1.0,0.0,32.0,0.5
1.0,-4.194775556243258e-06,100266,32.0,0.5,1.0,1.0,0.0,32.0,0.5
1.0,-1.002190856524976e-06,100267,32.0,0.5,1.0,1.0,0.0,32.0,0.5
1.0,1.037226047628792e-05,100267,32.0,0.5,1.0,1.0,0.0,32.0,0.5
1.0,2.2691358026349917e-05,100268,32.0,0.5,1.0,1.0,0.0,32.0,0.5
1.0,-2.568884838183294e-07,100268,32.0,0.5,1.0,1.0,0.0,32.0,0.5
1.0,-2.3425905965268612e-05,100269,32.0,0.5,1.0,1.0,0.0,32.0,0.5
1.0,1.5792440535733476e-05,100269,32.0,0.5,1.0,1.0,0.0,32.0,0.5
1.0,-1.1163288945681415e-05,100270,32.0,0.5,1.0,1.0,0.0,32.0,0.5
1.0,1.028931546898093e-05,100270,32.0,0.5,1.0,1.0,0.0,32.0,0.5
1.0,-1.732283999444917e-05,100271,32.0,0.5,1.0,1.0,0.0,32.0,0.5
1.0,6.681123977614334e-06,100271,32.0,0.5,1.0,1.0,0.0,32.0,0.5
1.0,9.287622560805175e-06,100272,32.0,0.5,1.0,1.0,0.0,32.0,0.5
1.0,2.3843549570301548e-06,100272,32.0,0.5,1.0,1.0,0.0,32.0,0.5
1.0,6.061599833628861e-06,100273,32.0,0.5,1.0,1.0,0.0,32.0,0.5
1.0,4.818324669031426e-06,100273,32.0,0.5,1.0,1.0,0.0,32.0,0.5
1.0,-1.4119259503786452e-05,100274,32.0,0.5,1.0,1.0,0.0,32.0,0.5
1.0,6.756677066732664e-06,100274,32.0,0.5,1.0,1.0,0.0,32.0,0.5
1.0,-7.277876648004167e-07,100275,32.0,0.5,1.0,1.0,0.0,32.0,0.5
1.0,2.6724101189756766e-05,100275,32.0,0.5,1.0,1.0,0.0,32.0,0.5
1.0,5.137407242727932e-06,100276,32.0,0.5,1.0,1.0,0.0,32.0,0.5
1.0,7.801185347489081e-06,100276,32.0,0.5,1.0,1.0,0.0,32.0,0.5
1.0,-1.6822286852402613e-05,100277,32.0,0.5,1.0,1.0,0.0,32.0,0.5
1.0,-6.449271495512221e-06,100277,32.0,0.5,1.0,1.0,0.0,32.0,0.5
1.0,1.567207982589025e-05,100278,32.0,0.5,1.0,1.0,0.0,32.0,0.5
1.0,-1.4487694897979964e-05,100278,32.0,0.5,1.0,1.0,0.0,32.0,0.5
1.0,1.3930290151620284e-05,100279,32.0,0.5,1.0,1.0,0.0,32.0,0.5
1.0,6.728304470016155e-06,100279,32.0,0.5,1.0,1.0,0.0,32.0,0.5
1.0,-6.326361472019926e-06,100280,32.0,0.5,1.0,1.0,0.0,32.0,0.5
1.0,2.8123240554123186e-06,100280,32.0,0.5,1.0,1.0,0.0,32.0,0.5
1.0,6.747597126377514e-06,100281,32.0,0.5,1.0,1.0,0.0,32.0,0.5
1.0,-2.3449705622624606e-05,100281,32.0,0.5,1.0,1.0,0.0,32.0,0.5
1.0,2.668948582140729e-06,100282,32.0,0.5,1.0,1.0,0.0,32.0,0.5
1.0,-9.017207958095241e-06,100282,32.0,0.5,1.0,1.0,0.0,32.0,0.5
1.0,1.8225215171696618e-05,100283,32.0,0.5,1.0,1.0,0.0,32.0,0.5
1.0,1.0350556294724811e-05,100283,32.0,0.5,1.0,1.0,0.0,32.0,0.5
1.0,-1.0469926564837806e-05,100284,32.0,0.5,1.0,1.0,0.0,32.0,0.5
1.0,-1.1865264241350815e-05,100284,32.0,0.5,1.0,1.0,0.0,32.0,0.5
1.0,-2.255070285173133e-05,100285,32.0,0.5,1.0,1.0,0.0,32.0,0.5
1.0,2.9226139304228127e-06,100285,32.0,0.5,1.0,1.0,0.0,32.0,0.5
1.0,1.2053578757331707e-05,100286,32.0,0.5,1.0,1.0,0.0,32.0,0.5
1.0,1.8678743799682707e-05,100286,32.0,0.5,1.0,1.0,0.0,32.0,0.5
1.0,2.7055605187342735e-06,100287,32.0,0.5,1.0,1.0,0.0,32.0,0.5
1.0,5.958610472589498e-06,100287,32.0,0.5,1.0,1.0,0.0,32.0,0.5
1.0,2.8545353416120633e-05,100288,32.0,0.5,1.0,1.0,0.0,32.0,0.5
1.0,1.7718015442369506e-05,100288,32.0,0.5,1.0,1.0,0.0,32.0,0.5
1.0,8.279350367956795e-06,100289,32.0,0.5,1.0,1.0,0.0,32.0,0.5
1.0,-2.16733715205919e-05,100289,32.0,0.5,1.0,1.0,0.0,32.0,0.5
1.0,-1.3098015188006684e-06,100290,32.0,0.5,1.0,1.0,0.0,32.0,0.5
1.0,-4.412310772750061e-06,100290,32.0,0.5,1.0,1.0,0.0,32.0,0.5
1.0,-7.168290721892845e-06,100291,32.0,0.5,1.0,1.0,0.0,32.0,0.5
1.0,-3.912716238119174e-06,100291,32.0,0.5,1.0,1.0,0.0,32.0,0.5
1.0,1.5142118172661867e-06,100292,32.0,0.5,1.0,1.0,0.0,32.0,0.5
1.0,1.8287464627064764e-05,100292,32.0,0.5,1.0,1.0,0.0,32.0,0.5
1.0,-1.591594991623424e-05,100293,32.0,0.5,1.0,1.0,0.0,32.0,0.5
1.0,5.724045877286699e-06,100293,32.0,0.5,1.0,1.0,0.0,32.0,0.5
1.0,-8.5761694208486e-06,100294,32.0,0.5,1.0,1.0,0.0,32.0,0.5
1.0,2.792499799397774e-06,100294,32.0,0.5,1.0,1.0,0.0,32.0,0.5
1.0,-8.365166650037281e-06,100295,32.0,0.5,1.0,1.0,0.0,32.0,0.5
1.0,-9.070254236576147e-06,100295,32.0,0.5,1.0,1.0,0.0,32.0,0.5
1.0,-2.3154272639658302e-05,100296,32.0,0.5,1.0,1.0,0.0,32.0,0.5
1.0,-1.0393309821665753e-05,100296,32.0,0.5,1.0,1.0,0.0,32.0,0.5
1.0,1.9220629837946035e-05,100297,32.0,0.5,1.0,1.0,0.0,32.0,0.5
1.0,-1.845083352236543e-05,100297,32.0,0.5,1.0,1.0,0.0,32.0,0.5
1.0,-8.605566108599305e-07,100298,32.0,0.5,1.0,1.0,0.0,32.0,0.5
1.0,2.6387815523776226e-05,100298,32.0,0.5,1.0,1.0,0.0,32.0,0.5
1.0,-6.826138815085869e-06,100299,32.0,0.5,1.0,1.0,0.0,32.0,0.5
1.0,2.8715139706037007e-05,100299,32.0,0.5,1.0,1.0,0.0,32.0,0.5
1.0,-2.0837753254454583e-05,100300,32.0,0.5,1.0,1.0,0.0,32.0,0.5
1.0,-1.763450200087391e-05,100300,32.0,0.5,1.0,1.0,0.0,32.0,0.5
1.0,-5.28468081029132e-06,100301,32.0,0.5,1.0,1.0,0.0,32.0,0.5
1.0,-1.2889938261650968e-05,100301,32.0,0.5,1.0,1.0,0.0,32.0,0.5
1.0,-1.371136931993533e-05,100302,32.0,0.5,1.0,1.0,0.0,32.0,0.5
1.0,-2.9260529572638916e-06,100302,32.0,0.5,1.0,1.0,0.0,32.0,0.5
1.0,2.070815025945194e-05,100303,32.0,0.5,1.0,1.0,0.0,32.0,0.5
1.0,-9.391994353791233e-06,100303,32.0,0.5,1.0,1.0,0.0,32.0,0.5
1.0,6.797446076234337e-06,100304,32.0,0.5,1.0,1.0,0.0,32.0,0.5
1.0,3.386987145859166e-06,100304,32.0,0.5,1.0,1.0,0.0,32.0,0.5
1.0,1.4949890100979246e-05,100305,32.0,0.5,1.0,1.0,0.0,32.0,0.5
1.0,8.23365553515032e-06,100305,32.0,0.5,1.0,1.0,0.0,32.0,0.5
1.0,-6.679409580101492e-06,100306,32.0,0.5,1.0,1.0,0.0,32.0,0.5
1.0,-8.564715244574472e-06,100306,32.0,0.5,1.0,1.0,0.0,32.0,0.5
1.0,2.0010767912026495e-05,100307,32.0,0.5,1.0,1.0,0.0,32.0,0.5
1.0,1.64492848853115e-06,100307,32.0,0.5,1.0,1.0,0.0,32.0,0.5
1.0,9.216349099006038e-06,100308,32.0,0.5,1.0,1.0,0.0,32.0,0.5
1.0,-1.5108362276805565e-06,100308,32.0,0.5,1.0,1.0,0.0,32.0,0.5
1.0,-1.2215023161843419e-05,100309,32.0,0.5,1.0,1.0,0.0,32.0,0.5
1.0,6.048674549674615e-06,100309,32.0,0.5,1.0,1.0,0.0,32.0,0.5
1.0,-3.715365892276168e-06,100310,32.0,0.5,1.0,1.0,0.0,32.0,0.5
1.0,2.2923362848814577e-05,100310,32.0,0.5,1.0,1.0,0.0,32.0,0.5
1.0,-9.671451152826194e-06,100311,32.0,0.5,1.0,1.0,0.0,32.0,0.5
1.0,1.4663100955658592e-05,100311,32.0,0.5,1.0,1.0,0.0,32.0,0.5
1.0,-7.484040452254703e-06,100312,32.0,0.5,1.0,1.0,0.0,32.0,0.5
1.0,-3.3450058253947645e-05,100312,32.0,0.5,1.0,1.0,0.0,32.0,0.5
1.0,4.4635526137426496e-06,100313,32.0,0.5,1.0,1.0,0.0,32.0,0.5
1.0,6.257600034587085e-06,100313,32.0,0.5,1.0,1.0,0.0,32.0,0.5
1.0,1.009244442684576e-06,100314,32.0,0.5,1.0,1.0,0.0,32.0,0.5
1.0,-9.25310087040998e-06,100314,32.0,0.5,1.0,1.0,0.0,32.0,0.5
1.0,-1.2205222446937114e-05,100315,32.0,0.5,1.0,1.0,0.0,32.0,0.5
1.0,1.631610757613089e-06,100315,32.0,0.5,1.0,1.0,0.0,32.0,0.5
1.0,-8.40178290673066e-06,100316,32.0,0.5,1.0,1.0,0.0,32.0,0.5
1.0,-4.199114755465416e-06,100316,32.0,0.5,1.0,1.0,0.0,32.0,0.5
1.0,-3.886742661052267e-07,100317,32.0,0.5,1.0,1.0,0.0,32.0,0.5
1.0,2.0234791008988395e-05,100317,32.0,0.5,1.0,1.0,0.0,32.0,0.5
1.0,5.101212991576176e-06,100318,32.0,0.5,1.0,1.0,0.0,32.0,0.5
1.0,-2.0593483895936515e-06,100318,32.0,0.5,1.0,1.0,0.0,32.0,0.5
1.0,-1.313561551796738e-05,100319,32.0,0.5,1.0,1.0,0.0,32.0,0.5
1.0,3.0182491173036397e-07,100319,32.0,0.5,1.0,1.0,0.0,32.0,0.5
1.0,-3.314737114124e-05,100320,32.0,0.5,1.0,1.0,0.0,32.0,0.5
1.0,8.373528544325382e-06,100320,32.0,0.5,1.0,1.0,0.0,32.0,0.5
1.0,1.7433607354178093e-05,100321,32.0,0.5,1.0,1.0,0.0,32.0,0.5
1.0,-5.308630534273107e-06,100321,32.0,0.5,1.0,1.0,0.0,32.0,0.5
1.0,-1.2828422768507153e-09,100322,32.0,0.5,1.0,1.0,0.0,32.0,0.5
1.0,2.907901034632232e-06,100322,32.0,0.5,1.0,1.0,0.0,32.0,0.5
1.0,1.4951475350244436e-05,100323,32.0,0.5,1.0,1.0,0.0,32.0,0.5
1.0,-1.85791686817538e-05,100323,32.0,0.5,1.0,1.0,0.0,32.0,0.5
1.0,5.473191777127795e-06,100324,32.0,0.5,1.0,1.0,0.0,32.0,0.5
1.0,7.944015123939607e-06,100324,32.0,0.5,1.0,1.0,0.0,32.0,0.5
1.0,-1.4467814253293909e-05,100325,32.0,0.5,1.0,1.0,0.0,32.0,0.5
1.0,1.2985176454094471e-06,100325,32.0,0.5,1.0,1.0,0.0,32.0,0.5
1.0,3.090956852247473e-06,100326,32.0,0.5,1.0,1.0,0.0,32.0,0.5
1.0,4.980536687071435e-06,100326,32.0,0.5,1.0,1.0,0.0,32.0,0.5
1.0,8.017105756152887e-06,100327,32.0,0.5,1.0,1.0,0.0,32.0,0.5
1.0,-5.354577297111973e-06,100327,32.0,0.5,1.0,1.0,0.0,32.0,0.5
1.0,1.7951733752852306e-05,100328,32.0,0.5,1.0,1.0,0.0,32.0,0.5
1.0,5.6690169003559276e-08,100328,32.0,0.5,1.0,1.0,0.0,32.0,0.5
1.0,6.197331913426751e-06,100329,32.0,0.5,1.0,1.0,0.0,32.0,0.5
1.0,-9.05338310985826e-07,100329,32.0,0.5,1.0,1.0,0.0,32.0,0.5
1.0,-2.3829532437957823e-05,100330,32.0,0.5,1.0,1.0,0.0,32.0,0.5
1.0,-1.8559230738901533e-05,100330,32.0,0.5,1.0,1.0,0.0,32.0,0.5
1.0,-6.117678822192829e-06,100331,32.0,0.5,1.0,1.0,0.0,32.0,0.5
1.0,-1.4361081412062049e-05,100331,32.0,0.5,1.0,1.0,0.0,32.0,0.5
1.0,8.543218427803367e-06,100332,32.0,0.5,1.0,1.0,0.0,32.0,0.5
1.0,-1.0936084891000064e-06,100332,32.0,0.5,1.0,1.0,0.0,32.0,0.5
1.0,-4.799079761141911e-06,100333,32.0,0.5,1.0,1.0,0.0,32.0,0.5
1.0,2.3023471840133425e-06,100333,32.0,0.5,1.0,1.0,0.0,32.0,0.5
1.0,8.869169505487662e-07,100334,32.0,0.5,1.0,1.0,0.0,32.0,0.5
1.0,3.4205368137918413e-07,100334,32.0,0.5,1.0,1.0,0.0,32.0,0.5
1.0,-3.596234819269739e-06,100335,32.0,0.5,1.0,1.0,0.0,32.0,0.5
1.0,-8.980027814686764e-07,100335,32.0,0.5,1.0,1.0,0.0,32.0,0.5
1.0,3.5094940358249005e-06,100336,32.0,0.5,1.0,1.0,0.0,32.0,0.5
1.0,-1.1945639926125295e-05,100336,32.0,0.5,1.0,1.0,0.0,32.0,0.5
1.0,-1.6636735381325707e-05,100337,32.0,0.5,1.0,1.0,0.0,32.0,0.5
1.0,1.4715295037603937e-05,100337,32.0,0.5,1.0,1.0,0.0,32.0,0.5
1.0,-1.6590638551861048e-06,100338,32.0,0.5,1.0,1.0,0.0,32.0,0.5
1.0,-5.2738364502147306e-06,100338,32.0,0.5,1.0,1.0,0.0,32.0,0.5
1.0,-1.795001298887655e-05,100339,32.0,0.5,1.0,1.0,0.0,32.0,0.5
1.0,2.150879481632728e-06,100339,32.0,0.5,1.0,1.0,0.0,32.0,0.5
1.0,-1.3936445611761883e-05,100340,32.0,0.5,1.0,1.0,0.0,32.0,0.5
1.0,9.33281899051508e-06,100340,32.0,0.5,1.0,1.0,0.0,32.0,0.5
1.0,1.0933740668406244e-05,100341,32.0,0.5,1.0,1.0,0.0,32.0,0.5
1.0,-7.578387339890469e-08,100341,32.0,0.5,1.0,1.0,0.0,32.0,0.5
1.0,-1.3756807675235905e-06,100342,32.0,0.5,1.0,1.0,0.0,32.0,0.5
1.0,-1.33995072246762e-05,100342,32.0,0.5,1.0,1.0,0.0,32.0,0.5
1.0,-6.049906005500816e-06,100343,32.0,0.5,1.0,1.0,0.0,32.0,0.5
1.0,-1.9262779460405e-07,100343,32.0,0.5,1.0,1.0,0.0,32.0,0.5
1.0,-6.2290528148878366e-06,100344,32.0,0.5,1.0,1.0,0.0,32.0,0.5
1.0,-2.8460752218961716e-05,100344,32.0,0.5,1.0,1.0,0.0,32.0,0.5
1.0,4.557186912279576e-06,100345,32.0,0.5,1.0,1.0,0.0,32.0,0.5
1.0,4.023866495117545e-06,100345,32.0,0.5,1.0,1.0,0.0,32.0,0.5
1.0,-1.3600455531559419e-05,100346,32.0,0.5,1.0,1.0,0.0,32.0,0.5
1.0,-1.3881512131774798e-05,100346,32.0,0.5,1.0,1.0,0.0,32.0,0.5
1.0,1.8338316294830292e-05,100347,32.0,0.5,1.0,1.0,0.0,32.0,0.5
1.0,-1.4978435501689091e-05,100347,32.0,0.5,1.0,1.0,0.0,32.0,0.5
1.0,1.636148226680234e-05,100348,32.0,0.5,1.0,1.0,0.0,32.0,0.5
1.0,2.0716361177619547e-05,100348,32.0,0.5,1.0,1.0,0.0,32.0,0.5
1.0,5.2829004744126e-06,100349,32.0,0.5,1.0,1.0,0.0,32.0,0.5
1.0,-1.3134289474692196e-05,100349,32.0,0.5,1.0,1.0,0.0,32.0,0.5
1.0,2.325819878024049e-05,100350,32.0,0.5,1.0,1.0,0.0,32.0,0.5
1.0,-1.5085247468960006e-05,100350,32.0,0.5,1.0,1.0,0.0,32.0,0.5
1.0,2.469978790031746e-05,100351,32.0,0.5,1.0,1.0,0.0,32.0,0.5
1.0,-7.941367584862746e-06,100351,32.0,0.5,1.0,1.0,0.0,32.0,0.5
1.0,1.037419451677124e-06,100352,32.0,0.5,1.0,1.0,0.0,32.0,0.5
1.0,2.7219957701163366e-06,100352,32.0,0.5,1.0,1.0,0.0,32.0,0.5
1.0,-8.19431988929864e-06,100353,32.0,0.5,1.0,1.0,0.0,32.0,0.5
1.0,-6.571809535671491e-06,100353,32.0,0.5,1.0,1.0,0.0,32.0,0.5
1.0,6.718307759001618e-06,100354,32.0,0.5,1.0,1.0,0.0,32.0,0.5
1.0,8.786135367699899e-06,100354,32.0,0.5,1.0,1.0,0.0,32.0,0.5
1.0,3.1385784495796543e-06,100355,32.0,0.5,1.0,1.0,0.0,32.0,0.5
1.0,1.9970913854194805e-05,100355,32.0,0.5,1.0,1.0,0.0,32.0,0.5
1.0,-6.458491498051444e-06,100356,32.0,0.5,1.0,1.0,0.0,32.0,0.5
1.0,6.989407665969338e-07,100356,32.0,0.5,1.0,1.0,0.0,32.0,0.5
1.0,-8.425482519669458e-06,100357,32.0,0.5,1.0,1.0,0.0,32.0,0.5
1.0,6.57880082144402e-06,100357,32.0,0.5,1.0,1.0,0.0,32.0,0.5
1.0,1.0727841072366573e-05,100358,32.0,0.5,1.0,1.0,0.0,32.0,0.5
1.0,1.583037828822853e-06,100358,32.0,0.5,1.0,1.0,0.0,32.0,0.5
1.0,-2.1525283955270424e-05,100359,32.0,0.5,1.0,1.0,0.0,32.0,0.5
1.0,-9.810057235881686e-06,100359,32.0,0.5,1.0,1.0,0.0,32.0,0.5
1.0,2.123376907547936e-05,100360,32.0,0.5,1.0,1.0,0.0,32.0,0.5
1.0,1.0274283340550028e-05,100360,32.0,0.5,1.0,1.0,0.0,32.0,0.5
1.0,2.996466719196178e-07,100361,32.0,0.5,1.0,1.0,0.0,32.0,0.5
1.0,-4.64993763671373e-06,100361,32.0,0.5,1.0,1.0,0.0,32.0,0.5
1.0,-1.2092719771317206e-05,100362,32.0,0.5,1.0,1.0,0.0,32.0,0.5
1.0,-1.0201483746641316e-05,100362,32.0,0.5,1.0,1.0,0.0,32.0,0.5
1.0,-8.407879249716643e-06,100363,32.0,0.5,1.0,1.0,0.0,32.0,0.5
1.0,9.92108562059002e-06,100363,32.0,0.5,1.0,1.0,0.0,32.0,0.5
1.0,7.513139280490577e-06,100364,32.0,0.5,1.0,1.0,0.0,32.0,0.5
1.0,-2.0335461158538237e-05,100364,32.0,0.5,1.0,1.0,0.0,32.0,0.5
1.0,1.2680942745646462e-05,100365,32.0,0.5,1.0,1.0,0.0,32.0,0.5
1.0,5.234594027569983e-06,100365,32.0,0.5,1.0,1.0,0.0,32.0,0.5
1.0,-7.7786235124222e-06,100366,32.0,0.5,1.0,1.0,0.0,32.0,0.5
1.0,6.026465598552022e-06,100366,32.0,0.5,1.0,1.0,0.0,32.0,0.5
1.0,-6.1222153817652725e-06,100367,32.0,0.5,1.0,1.0,0.0,32.0,0.5
1.0,5.243150553724263e-06,100367,32.0,0.5,1.0,1.0,0.0,32.0,0.5
1.0,-3.663683173726895e-06,100368,32.0,0.5,1.0,1.0,0.0,32.0,0.5
1.0,1.0179846867686138e-05,100368,32.0,0.5,1.0,1.0,0.0,32.0,0.5
1.0,-2.250548277515918e-05,100369,32.0,0.5,1.0,1.0,0.0,32.0,0.5
1.0,-2.7682201562129194e-06,100369,32.0,0.5,1.0,1.0,0.0,32.0,0.5
1.0,-2.5415833079023287e-05,100370,32.0,0.5,1.0,1.0,0.0,32.0,0.5
1.0,1.078647437680047e-05,100370,32.0,0.5,1.0,1.0,0.0,32.0,0.5
1.0,3.295190617791377e-05,100371,32.0,0.5,1.0,1.0,0.0,32.0,0.5
1.0,1.0389198905613739e-05,100371,32.0,0.5,1.0,1.0,0.0,32.0,0.5
1.0,-9.065934136742726e-06,100372,32.0,0.5,1.0,1.0,0.0,32.0,0.5
1.0,-1.2138520105509087e-05,100372,32.0,0.5,1.0,1.0,0.0,32.0,0.5
0.9375,72.08123779296875,100373,32.0,0.5,1.0,0.96875,0.0,32.0,0.53125
1.0,3.2056864256446715e-06,100373,32.0,0.5,1.0,1.0,0.0,32.0,0.5
0.9375,42.09502029418945,100374,32.0,0.5,1.0,0.96875,0.0,32.0,0.53125
0.9375,36.60140609741211,100374,32.0,0.5,1.0,0.96875,0.0,32.0,0.53125
1.0,-9.926990969688632e-06,100375,32.0,0.5,1.0,1.0,0.0,32.0,0.5
1.0,-1.2207769032102078e-05,100375,32.0,0.5,1.0,1.0,0.0,32.0,0.5
1.0,-9.371588021167554e-07,100376,32.0,0.5,1.0,1.0,0.0,32.0,0.5
1.0,-3.944795480492758e-06,100376,32.0,0.5,1.0,1.0,0.0,32.0,0.5
1.0,-1.0473815564182587e-05,100377,32.0,0.5,1.0,1.0,0.0,32.0,0.5
1.0,-1.1740716217900626e-05,100377,32.0,0.5,1.0,1.0,0.0,32.0,0.5
1.0,-1.2221089491504245e-06,100378,32.0,0.5,1.0,1.0,0.0,32.0,0.5
1.0,-2.2580456970899832e-07,100378,32.0,0.5,1.0,1.0,0.0,32.0,0.5
1.0,-1.3815128113492392e-05,100379,32.0,0.5,1.0,1.0,0.0,32.0,0.5
1.0,1.10863320514909e-05,100379,32.0,0.5,1.0,1.0,0.0,32.0,0.5
1.0,-2.9878126952098683e-05,100380,32.0,0.5,1.0,1.0,0.0,32.0,0.5
1.0,4.687575255957199e-06,100380,32.0,0.5,1.0,1.0,0.0,32.0,0.5
1.0,-1.9659748431877233e-05,100381,32.0,0.5,1.0,1.0,0.0,32.0,0.5
1.0,-5.663171577907633e-06,100381,32.0,0.5,1.0,1.0,0.0,32.0,0.5
1.0,-4.4294438339420594e-06,100382,32.0,0.5,1.0,1.0,0.0,32.0,0.5
1.0,1.3683423276233952e-05,100382,32.0,0.5,1.0,1.0,0.0,32.0,0.5
1.0,1.4780272977077402e-05,100383,32.0,0.5,1.0,1.0,0.0,32.0,0.5
1.0,2.3968088498804718e-05,100383,32.0,0.5,1.0,1.0,0.0,32.0,0.5
1.0,7.140923116821796e-06,100384,32.0,0.5,1.0,1.0,0.0,32.0,0.5
1.0,-1.2373961908451747e-06,100384,32.0,0.5,1.0,1.0,0.0,32.0,0.5
1.0,5.503110514837317e-06,100385,32.0,0.5,1.0,1.0,0.0,32.0,0.5
1.0,3.415570972720161e-06,100385,32.0,0.5,1.0,1.0,0.0,32.0,0.5
1.0,-7.56677650315396e-07,100386,32.0,0.5,1.0,1.0,0.0,32.0,0.5
1.0,6.602991561521776e-06,100386,32.0,0.5,1.0,1.0,0.0,32.0,0.5
1.0,-9.371794476464856e-06,100387,32.0,0.5,1.0,1.0,0.0,32.0,0.5
1.0,1.7624779502511956e-06,100387,32.0,0.5,1.0,1.0,0.0,32.0,0.5
1.0,5.211705683905166e-06,100388,32.0,0.5,1.0,1.0,0.0,32.0,0.5
1.0,1.1753652870538644e-05,100388,32.0,0.5,1.0,1.0,0.0,32.0,0.5
1.0,-2.7320395020069554e-05,100389,32.0,0.5,1.0,1.0,0.0,32.0,0.5
1.0,6.205003955983557e-06,100389,32.0,0.5,1.0,1.0,0.0,32.0,0.5
1.0,-1.1296890988887753e-05,100390,32.0,0.5,1.0,1.0,0.0,32.0,0.5
1.0,-1.0403493433841504e-05,100390,32.0,0.5,1.0,1.0,0.0,32.0,0.5
1.0,-1.360150235996116e-06,100391,32.0,0.5,1.0,1.0,0.0,32.0,0.5
1.0,-4.342381544120144e-06,100391,32.0,0.5,1.0,1.0,0.0,32.0,0.5
1.0,7.154063496273011e-06,100392,32.0,0.5,1.0,1.0,0.0,32.0,0.5
1.0,3.779627149924636e-05,100392,32.0,0.5,1.0,1.0,0.0,32.0,0.5
1.0,1.1320880730636418e-05,100393,32.0,0.5,1.0,1.0,0.0,32.0,0.5
1.0,-1.7200409274664707e-05,100393,32.0,0.5,1.0,1.0,0.0,32.0,0.5
1.0,1.5198487744783051e-05,100394,32.0,0.5,1.0,1.0,0.0,32.0,0.5
1.0,-1.7771126294974238e-05,100394,32.0,0.5,1.0,1.0,0.0,32.0,0.5
1.0,-4.239357622282114e-06,100395,32.0,0.5,1.0,1.0,0.0,32.0,0.5
1.0,3.1945201044436544e-06,100395,32.0,0.5,1.0,1.0,0.0,32.0,0.5
1.0,3.591831409721635e-05,100396,32.0,0.5,1.0,1.0,0.0,32.0,0.5
1.0,3.3302485462627374e-06,100396,32.0,0.5,1.0,1.0,0.0,32.0,0.5
1.0,-1.0290245882060844e-05,100397,32.0,0.5,1.0,1.0,0.0,32.0,0.5
1.0,-1.0342216228309553e-05,100397,32.0,0.5,1.0,1.0,0.0,32.0,0.5
1.0,6.320727152342442e-06,100398,32.0,0.5,1.0,1.0,0.0,32.0,0.5
1.0,6.02653653913876e-06,100398,32.0,0.5,1.0,1.0,0.0,32.0,0.5
1.0,3.407795884413645e-05,100399,32.0,0.5,1.0,1.0,0.00019690331130937634,32.0,0.5
1.0,1.2350074030109681e-05,100399,32.0,0.5,1.0,1.0,0.0,32.0,0.5
1.0,9.951118045137264e-07,100400,32.0,0.5,1.0,1.0,0.0,32.0,0.5
1.0,4.010047632618807e-06,100400,32.0,0.5,1.0,1.0,0.0,32.0,0.5
1.0,2.363006024097558e-05,100401,32.0,0.5,1.0,1.0,0.0,32.0,0.5
1.0,-4.347317826614017e-06,100401,32.0,0.5,1.0,1.0,0.0,32.0,0.5
1.0,5.531996976060327e-06,100402,32.0,0.5,1.0,1.0,0.0,32.0,0.5
1.0,1.6557503840886056e-05,100402,32.0,0.5,1.0,1.0,0.0,32.0,0.5
1.0,2.110124478349462e-05,100403,32.0,0.5,1.0,1.0,0.0,32.0,0.5
1.0,2.1953646864858456e-05,100403,32.0,0.5,1.0,1.0,0.0,32.0,0.5
1.0,8.308864380524028e-06,100404,32.0,0.5,1.0,1.0,0.0,32.0,0.5
1.0,-6.9945217546774074e-06,100404,32.0,0.5,1.0,1.0,0.0,32.0,0.5
1.0,-1.2851951396442018e-06,100405,32.0,0.5,1.0,1.0,0.0,32.0,0.5
1.0,-5.911520929657854e-06,100405,32.0,0.5,1.0,1.0,0.0,32.0,0.5
1.0,6.464688340201974e-08,100406,32.0,0.5,1.0,1.0,0.0,32.0,0.5
1.0,1.23031450129929e-05,100406,32.0,0.5,1.0,1.0,0.0,32.0,0.5
1.0,5.379247340897564e-07,100407,32.0,0.5,1.0,1.0,0.0,32.0,0.5
1.0,-1.5406103557324968e-06,100407,32.0,0.5,1.0,1.0,0.0,32.0,0.5
1.0,4.8723195504862815e-06,100408,32.0,0.5,1.0,1.0,0.0,32.0,0.5
1.0,-4.778328275278909e-06,100408,32.0,0.5,1.0,1.0,0.0,32.0,0.5
1.0,-1.8375254512648098e-05,100409,32.0,0.5,1.0,1.0,0.0,32.0,0.5
1.0,5.996551408316009e-06,100409,32.0,0.5,1.0,1.0,0.0,32.0,0.5
1.0,-1.206957585964119e-05,100410,32.0,0.5,1.0,1.0,0.0,32.0,0.5
1.0,5.897382834518794e-06,100410,32.0,0.5,1.0,1.0,0.0,32.0,0.5
1.0,-2.3104048523236997e-06,100411,32.0,0.5,1.0,1.0,0.0,32.0,0.5
1.0,-7.749309588689357e-06,100411,32.0,0.5,1.0,1.0,0.0,32.0,0.5
1.0,4.693596110882936e-06,100412,32.0,0.5,1.0,1.0,0.0,32.0,0.5
1.0,-2.995193426613696e-07,100412,32.0,0.5,1.0,1.0,0.0,32.0,0.5
1.0,-7.585007097077323e-06,100413,32.0,0.5,1.0,1.0,0.0,32.0,0.5
1.0,-3.2425386962131597e-06,100413,32.0,0.5,1.0,1.0,0.0,32.0,0.5
1.0,-1.3227536328486167e-06,100414,32.0,0.5,1.0,1.0,0.0,32.0,0.5
1.0,-2.4098471840261482e-05,100414,32.0,0.5,1.0,1.0,0.0,32.0,0.5
1.0,2.886028141801944e-06,100415,32.0,0.5,1.0,1.0,0.0,32.0,0.5
1.0,-1.627133497095201e-05,100415,32.0,0.5,1.0,1.0,0.0,32.0,0.5
1.0,1.777555917215068e-05,100416,32.0,0.5,1.0,1.0,0.0,32.0,0.5
1.0,6.401440259651281e-06,100416,32.0,0.5,1.0,1.0,0.0,32.0,0.5
1.0,-1.61326170200482e-08,100417,32.0,0.5,1.0,1.0,0.0,32.0,0.5
1.0,1.9376548152649775e-05,100417,32.0,0.5,1.0,1.0,0.0,32.0,0.5
1.0,-8.88487647898728e-06,100418,32.0,0.5,1.0,1.0,0.0,32.0,0.5
1.0,3.082589500991162e-06,100418,32.0,0.5,1.0,1.0,0.0,32.0,0.5
1.0,-1.2359429092612118e-05,100419,32.0,0.5,1.0,1.0,0.0,32.0,0.5
1.0,3.1300110094889533e-06,100419,32.0,0.5,1.0,1.0,0.0,32.0,0.5
1.0,-6.421495527320076e-06,100420,32.0,0.5,1.0,1.0,0.0,32.0,0.5
1.0,-1.0557287168921903e-05,100420,32.0,0.5,1.0,1.0,0.0,32.0,0.5
1.0,1.9693584363267291e-07,100421,32.0,0.5,1.0,1.0,0.0,32.0,0.5
1.0,-1.0930467396974564e-05,100421,32.0,0.5,1.0,1.0,0.0,32.0,0.5
1.0,5.826620963489404e-07,100422,32.0,0.5,1.0,1.0,0.0,32.0,0.5
1.0,3.568394276953768e-06,100422,32.0,0.5,1.0,1.0,0.0,32.0,0.5
1.0,5.209421033214312e-06,100423,32.0,0.5,1.0,1.0,0.0,32.0,0.5
1.0,-4.282638656150084e-06,100423,32.0,0.5,1.0,1.0,0.0,32.0,0.5
1.0,5.680202775693033e-06,100424,32.0,0.5,1.0,1.0,0.0,32.0,0.5
1.0,-7.806344001437537e-06,100424,32.0,0.5,1.0,1.0,0.0,32.0,0.5
1.0,1.223688741447404e-06,100425,32.0,0.5,1.0,1.0,0.0,32.0,0.5
1.0,-1.1057531992264558e-06,100425,32.0,0.5,1.0,1.0,0.0,32.0,0.5
1.0,-2.1354688215069473e-05,100426,32.0,0.5,1.0,1.0,0.0,32.0,0.5
1.0,1.2001237337244675e-05,100426,32.0,0.5,1.0,1.0,0.0,32.0,0.5
1.0,6.137503987702075e-06,100427,32.0,0.5,1.0,1.0,0.0,32.0,0.5
1.0,-8.294746294268407e-06,100427,32.0,0.5,1.0,1.0,0.0,32.0,0.5
1.0,-7.967533747432753e-06,100428,32.0,0.5,1.0,1.0,0.0,32.0,0.5
1.0,-1.9446652004262432e-06,100428,32.0,0.5,1.0,1.0,0.0,32.0,0.5
1.0,-1.1269880815234501e-05,100429,32.0,0.5,1.0,1.0,0.0,32.0,0.5
1.0,9.115284228755627e-06,100429,32.0,0.5,1.0,1.0,0.0,32.0,0.5
1.0,-4.331234777055215e-06,100430,32.0,0.5,1.0,1.0,0.0,32.0,0.5
1.0,1.0092662705574185e-08,100430,32.0,0.5,1.0,1.0,0.0,32.0,0.5
1.0,6.200386451382656e-06,100431,32.0,0.5,1.0,1.0,0.0,32.0,0.5
1.0,-3.5777757148025557e-06,100431,32.0,0.5,1.0,1.0,0.0,32.0,0.5
1.0,8.972332580015063e-06,100432,32.0,0.5,1.0,1.0,0.0,32.0,0.5
1.0,-3.6611354516935535e-06,100432,32.0,0.5,1.0,1.0,0.0,32.0,0.5
1.0,-3.071711762459017e-05,100433,32.0,0.5,1.0,1.0,0.0,32.0,0.5
1.0,-6.784592869735206e-07,100433,32.0,0.5,1.0,1.0,0.0,32.0,0.5
0.96875,68.05836486816406,100434,32.0,0.5,1.0,0.984375,0.0,32.0,0.515625
1.0,-1.0887018106586765e-05,100434,32.0,0.5,1.0,1.0,0.0,32.0,0.5
1.0,-6.6949796746484935e-06,100435,32.0,0.5,1.0,1.0,0.0,32.0,0.5
1.0,1.3549108643928776e-06,100435,32.0,0.5,1.0,1.0,0.0,32.0,0.5
1.0,-3.0891387723386288e-06,100436,32.0,0.5,1.0,1.0,0.0,32.0,0.5
1.0,9.62040667218389e-06,100436,32.0,0.5,1.0,1.0,0.0,32.0,0.5
0.96875,74.7583236694336,100437,32.0,0.5,1.0,0.984375,0.0,32.0,0.515625
1.0,-1.4739529433427379e-05,100437,32.0,0.5,1.0,1.0,0.0,32.0,0.5
1.0,8.545407581550535e-07,100438,32.0,0.5,1.0,1.0,0.0,32.0,0.5
1.0,-5.790954674012028e-06,100438,32.0,0.5,1.0,1.0,0.0,32.0,0.5
1.0,-1.3287730325828306e-05,100439,32.0,0.5,1.0,1.0,0.0,32.0,0.5
1.0,-1.8162121705245227e-05,100439,32.0,0.5,1.0,1.0,0.0,32.0,0.5
0.96875,77.0146484375,100440,32.0,0.5,1.0,0.984375,0.0,32.0,0.515625
1.0,-1.732561577227898e-05,100440,32.0,0.5,1.0,1.0,0.0,32.0,0.5
0.90625,104.94671630859375,100441,32.0,0.5,1.0,0.953125,0.0,32.0,0.546875
0.96875,31.33489990234375,100441,32.0,0.5,1.0,0.984375,0.0,32.0,0.515625
0.96875,52.118282318115234,100442,32.0,0.5,1.0,0.984375,0.0,32.0,0.515625
1.0,-1.5192901628324762e-05,100442,32.0,0.5,1.0,1.0,0.0,32.0,0.5
1.0,-2.6542265914031304e-06,100443,32.0,0.5,1.0,1.0,0.0,32.0,0.5
0.96875,37.869266510009766,100443,32.0,0.5,1.0,0.984375,0.0,32.0,0.515625
1.0,-1.949572288140189e-05,100444,32.0,0.5,1.0,1.0,0.0,32.0,0.5
1.0,-8.412010856773122e-07,100444,32.0,0.5,1.0,1.0,0.0,32.0,0.5
1.0,3.1302224670071155e-06,100445,32.0,0.5,1.0,1.0,0.0,32.0,0.5
1.0,-1.155550307885278e-05,100445,32.0,0.5,1.0,1.0,0.0,32.0,0.5
1.0,1.5763557712489273e-06,100446,32.0,0.5,1.0,1.0,0.0,32.0,0.5
1.0,7.931431355245877e-06,100446,32.0,0.5,1.0,1.0,0.0,32.0,0.5
1.0,1.733242424961645e-05,100447,32.0,0.5,1.0,1.0,0.0,32.0,0.5
1.0,2.0866891645709984e-06,100447,32.0,0.5,1.0,1.0,0.0,32.0,0.5
1.0,-9.91557135421317e-06,100448,32.0,0.5,1.0,1.0,0.0,32.0,0.5
1.0,-7.542114872194361e-06,100448,32.0,0.5,1.0,1.0,0.0,32.0,0.5
0.96875,33.70222091674805,100449,32.0,0.5,1.0,0.984375,0.0,32.0,0.515625
0.96875,32.72361373901367,100449,32.0,0.5,1.0,0.984375,0.0,32.0,0.515625
1.0,-8.021143003134057e-06,100450,32.0,0.5,1.0,1.0,0.0,32.0,0.5
1.0,2.721824057516642e-05,100450,32.0,0.5,1.0,1.0,0.0,32.0,0.5
0.9375,65.786376953125,100451,32.0,0.5,1.0,0.96875,0.0,32.0,0.53125
0.9375,62.57379150390625,100451,32.0,0.5,1.0,0.96875,0.0,32.0,0.53125
1.0,4.195315796096111e-06,100452,32.0,0.5,1.0,1.0,0.0,32.0,0.5
1.0,3.1935593142407015e-05,100452,32.0,0.5,1.0,1.0,0.0,32.0,0.5
1.0,-2.0532734197331592e-06,100453,32.0,0.5,1.0,1.0,0.0,32.0,0.5
1.0,2.250028046546504e-05,100453,32.0,0.5,1.0,1.0,0.0,32.0,0.5
0.96875,16.284337997436523,100454,32.0,0.5,1.0,0.984375,0.0,32.0,0.515625
0.96875,14.620357513427734,100454,32.0,0.5,1.0,0.984375,0.0,32.0,0.515625
1.0,-2.4528830181225203e-05,100455,32.0,0.5,1.0,1.0,0.0,32.0,0.5
1.0,-1.3045935702393763e-05,100455,32.0,0.5,1.0,1.0,0.0,32.0,0.5
1.0,-1.593580236658454e-06,100456,32.0,0.5,1.0,1.0,0.0,32.0,0.5
1.0,-3.724773250723956e-06,100456,32.0,0.5,1.0,1.0,0.0,32.0,0.5
1.0,-1.009004427032778e-05,100457,32.0,0.5,1.0,1.0,0.0,32.0,0.5
1.0,-7.056182312226156e-06,100457,32.0,0.5,1.0,1.0,0.0,32.0,0.5
1.0,-6.297091204032768e-08,100458,32.0,0.5,1.0,1.0,0.0,32.0,0.5
1.0,1.740982406772673e-05,100458,32.0,0.5,1.0,1.0,0.0,32.0,0.5
1.0,1.663329021539539e-05,100459,32.0,0.5,1.0,1.0,0.0,32.0,0.5
1.0,-2.11148790185689e-06,100459,32.0,0.5,1.0,1.0,0.0,32.0,0.5
1.0,-1.4098059182288125e-05,100460,32.0,0.5,1.0,1.0,0.0,32.0,0.5
1.0,-9.281343409384135e-06,100460,32.0,0.5,1.0,1.0,0.0,32.0,0.5
1.0,4.679194717027713e-06,100461,32.0,0.5,1.0,1.0,0.0,32.0,0.5
1.0,-3.662390554382e-06,100461,32.0,0.5,1.0,1.0,0.0,32.0,0.5
1.0,3.6209487461746903e-06,100462,32.0,0.5,1.0,1.0,0.0,32.0,0.5
1.0,2.4493234377587214e-05,100462,32.0,0.5,1.0,1.0,0.0,32.0,0.5
1.0,-1.8299544535693713e-05,100463,32.0,0.5,1.0,1.0,0.0,32.0,0.5
1.0,1.6159094229806215e-05,100463,32.0,0.5,1.0,1.0,0.0,32.0,0.5
1.0,-7.574318715342088e-06,100464,32.0,0.5,1.0,1.0,0.0,32.0,0.5
1.0,-5.221070296101971e-06,100464,32.0,0.5,1.0,1.0,0.0,32.0,0.5
1.0,-1.8347075183555717e-06,100465,32.0,0.5,1.0,1.0,0.0,32.0,0.5
1.0,-3.976546850026352e-06,100465,32.0,0.5,1.0,1.0,0.0,32.0,0.5
1.0,4.320774678490125e-06,100466,32.0,0.5,1.0,1.0,0.0,32.0,0.5
1.0,1.5802062989678234e-05,100466,32.0,0.5,1.0,1.0,0.0,32.0,0.5
1.0,-5.739921107306145e-06,100467,32.0,0.5,1.0,1.0,0.0,32.0,0.5
0.96875,5.675915718078613,100467,32.0,0.5,1.0,0.984375,0.0,32.0,0.515625
1.0,2.5123612431343645e-05,100468,32.0,0.5,1.0,1.0,0.0,32.0,0.5
1.0,1.272308873012662e-05,100468,32.0,0.5,1.0,1.0,0.0,32.0,0.5
1.0,-1.4013307009008713e-05,100469,32.0,0.5,1.0,1.0,0.0,32.0,0.5
1.0,-5.409639015852008e-06,100469,32.0,0.5,1.0,1.0,0.0,32.0,0.5
1.0,-1.7880875020637177e-05,100470,32.0,0.5,1.0,1.0,0.0,32.0,0.5
1.0,-1.550126944493968e-05,100470,32.0,0.5,1.0,1.0,0.0,32.0,0.5
1.0,5.172576038603438e-06,100471,32.0,0.5,1.0,1.0,0.0,32.0,0.5
1.0,6.029574251442682e-06,100471,32.0,0.5,1.0,1.0,0.0,32.0,0.5
1.0,-1.7337745248369174e-06,100472,32.0,0.5,1.0,1.0,0.0,32.0,0.5
1.0,-3.2849786748556653e-06,100472,32.0,0.5,1.0,1.0,0.0,32.0,0.5
1.0,1.6377962310798466e-05,100473,32.0,0.5,1.0,1.0,0.0,32.0,0.5
1.0,-7.816609468136448e-06,100473,32.0,0.5,1.0,1.0,0.0,32.0,0.5
1.0,-2.4428203687421046e-05,100474,32.0,0.5,1.0,1.0,0.0,32.0,0.5
1.0,1.1394645298423711e-05,100474,32.0,0.5,1.0,1.0,0.0,32.0,0.5
1.0,-5.285729002935113e-06,100475,32.0,0.5,1.0,1.0,0.0,32.0,0.5
1.0,-1.6640895410091616e-05,100475,32.0,0.5,1.0,1.0,0.0,32.0,0.5
1.0,7.40436644264264e-06,100476,32.0,0.5,1.0,1.0,0.0,32.0,0.5
1.0,-3.380552698217798e-06,100476,32.0,0.5,1.0,1.0,0.0,32.0,0.5
1.0,-6.363458851410542e-06,100477,32.0,0.5,1.0,1.0,0.0,32.0,0.5
1.0,-7.254856427607592e-06,100477,32.0,0.5,1.0,1.0,0.0,32.0,0.5
1.0,2.6208464987576008e-05,100478,32.0,0.5,1.0,1.0,0.0,32.0,0.5
1.0,-7.127060143830022e-06,100478,32.0,0.5,1.0,1.0,0.0,32.0,0.5
1.0,5.709592187486123e-06,100479,32.0,0.5,1.0,1.0,0.0,32.0,0.5
1.0,1.8053166058962233e-05,100479,32.0,0.5,1.0,1.0,0.0,32.0,0.5
1.0,1.9270537450211123e-06,100480,32.0,0.5,1.0,1.0,0.0,32.0,0.5
1.0,-3.970725629187655e-06,100480,32.0,0.5,1.0,1.0,0.0,32.0,0.5
1.0,-5.173242243472487e-07,100481,32.0,0.5,1.0,1.0,0.0,32.0,0.5
1.0,-1.4748889043403324e-05,100481,32.0,0.5,1.0,1.0,0.0,32.0,0.5
1.0,-1.134078843278985e-06,100482,32.0,0.5,1.0,1.0,0.0,32.0,0.5
1.0,4.765483936353121e-06,100482,32.0,0.5,1.0,1.0,0.0,32.0,0.5
1.0,-1.488752241129987e-05,100483,32.0,0.5,1.0,1.0,0.0,32.0,0.5
1.0,-1.5603316569468006e-05,100483,32.0,0.5,1.0,1.0,0.0,32.0,0.5
1.0,1.1955278750974685e-05,100484,32.0,0.5,1.0,1.0,0.0,32.0,0.5
1.0,1.4851788364467211e-05,100484,32.0,0.5,1.0,1.0,0.0,32.0,0.5
1.0,-1.2711135241261218e-05,100485,32.0,0.5,1.0,1.0,0.0,32.0,0.5
1.0,-5.243222858553054e-06,100485,32.0,0.5,1.0,1.0,0.0,32.0,0.5
1.0,-9.869895620795432e-07,100486,32.0,0.5,1.0,1.0,0.0,32.0,0.5
1.0,-1.4599900168832392e-05,100486,32.0,0.5,1.0,1.0,0.0,32.0,0.5
1.0,-4.2142419260926545e-06,100487,32.0,0.5,1.0,1.0,0.0,32.0,0.5
1.0,-1.6127462004078552e-05,100487,32.0,0.5,1.0,1.0,0.0,32.0,0.5
1.0,-2.100824349327013e-05,100488,32.0,0.5,1.0,1.0,0.0,32.0,0.5
1.0,2.0087471057195216e-05,100488,32.0,0.5,1.0,1.0,0.0,32.0,0.5
1.0,2.2686488591716625e-05,100489,32.0,0.5,1.0,1.0,0.0,32.0,0.5
1.0,-2.6802777028933633e-06,100489,32.0,0.5,1.0,1.0,0.0,32.0,0.5
1.0,-2.8847922294517048e-05,100490,32.0,0.5,1.0,1.0,0.0,32.0,0.5
1.0,-9.506657079327852e-07,100490,32.0,0.5,1.0,1.0,0.0,32.0,0.5
1.0,-1.1394406101317145e-05,100491,32.0,0.5,1.0,1.0,0.0,32.0,0.5
1.0,1.007163245958509e-05,100491,32.0,0.5,1.0,1.0,0.0,32.0,0.5
1.0,9.392275615027756e-07,100492,32.0,0.5,1.0,1.0,0.0,32.0,0.5
1.0,-8.864025403454434e-06,100492,32.0,0.5,1.0,1.0,0.0,32.0,0.5
1.0,-1.8756942154141143e-05,100493,32.0,0.5,1.0,1.0,0.0,32.0,0.5
1.0,2.5575802283128724e-05,100493,32.0,0.5,1.0,1.0,0.0,32.0,0.5
1.0,-7.136784006434027e-06,100494,32.0,0.5,1.0,1.0,0.0,32.0,0.5
1.0,1.3249497897049878e-05,100494,32.0,0.5,1.0,1.0,0.0,32.0,0.5
1.0,-7.988719517015852e-06,100495,32.0,0.5,1.0,1.0,0.0,32.0,0.5
1.0,4.210078259347938e-07,100495,32.0,0.5,1.0,1.0,0.0,32.0,0.5
1.0,4.492200787353795e-06,100496,32.0,0.5,1.0,1.0,0.0,32.0,0.5
0.96875,7.445496559143066,100496,32.0,0.5,1.0,0.984375,0.0,32.0,0.515625
1.0,1.6614121705060825e-05,100497,32.0,0.5,1.0,1.0,0.0,32.0,0.5
1.0,-2.2683952920488082e-05,100497,32.0,0.5,1.0,1.0,0.0,32.0,0.5
1.0,2.8544914130179677e-06,100498,32.0,0.5,1.0,1.0,0.0,32.0,0.5
1.0,1.1201087545487098e-05,100498,32.0,0.5,1.0,1.0,0.0,32.0,0.5
1.0,1.4883751646266319e-05,100499,32.0,0.5,1.0,1.0,0.0,32.0,0.5
1.0,9.191509889205918e-06,100499,32.0,0.5,1.0,1.0,0.0,32.0,0.5
1.0,1.5468167475773953e-06,100500,32.0,0.5,1.0,1.0,0.0,32.0,0.5
1.0,-8.86006819200702e-06,100500,32.0,0.5,1.0,1.0,0.0,32.0,0.5
1.0,7.696145985391922e-06,100501,32.0,0.5,1.0,1.0,0.0,32.0,0.5
1.0,5.424345090432325e-06,100501,32.0,0.5,1.0,1.0,0.0,32.0,0.5
1.0,1.227573102369206e-05,100502,32.0,0.5,1.0,1.0,0.0,32.0,0.5
1.0,2.338106924071326e-06,100502,32.0,0.5,1.0,1.0,0.0,32.0,0.5
1.0,-1.5935693227220327e-05,100503,32.0,0.5,1.0,1.0,0.0,32.0,0.5
1.0,-9.752639016369358e-06,100503,32.0,0.5,1.0,1.0,0.0,32.0,0.5
1.0,3.1952013159752823e-06,100504,32.0,0.5,1.0,1.0,0.0,32.0,0.5
1.0,2.910880903073121e-05,100504,32.0,0.5,1.0,1.0,0.0,32.0,0.5
1.0,3.824338818958495e-06,100505,32.0,0.5,1.0,1.0,0.0,32.0,0.5
1.0,1.511075060989242e-05,100505,32.0,0.5,1.0,1.0,0.0,32.0,0.5
1.0,-8.975097443908453e-06,100506,32.0,0.5,1.0,1.0,0.0,32.0,0.5
1.0,-8.217769391194452e-06,100506,32.0,0.5,1.0,1.0,0.0,32.0,0.5
1.0,3.772974650928518e-06,100507,32.0,0.5,1.0,1.0,0.0,32.0,0.5
1.0,-6.038444553269073e-07,100507,32.0,0.5,1.0,1.0,0.0,32.0,0.5
1.0,1.6820955352159217e-05,100508,32.0,0.5,1.0,1.0,0.0,32.0,0.5
1.0,-3.289394953753799e-06,100508,32.0,0.5,1.0,1.0,0.0,32.0,0.5
1.0,9.10944800125435e-06,100509,32.0,0.5,1.0,1.0,0.0,32.0,0.5
1.0,-3.452696091699181e-06,100509,32.0,0.5,1.0,1.0,0.0,32.0,0.5
1.0,6.482886874437099e-06,100510,32.0,0.5,1.0,1.0,0.0,32.0,0.5
1.0,-9.621544450055808e-08,100510,32.0,0.5,1.0,1.0,0.0,32.0,0.5
1.0,2.551206671341788e-05,100511,32.0,0.5,1.0,1.0,0.0,32.0,0.5
1.0,-1.2762664482579567e-05,100511,32.0,0.5,1.0,1.0,0.0,32.0,0.5
1.0,-2.349872374907136e-06,100512,32.0,0.5,1.0,1.0,0.0,32.0,0.5
1.0,1.7717698028718587e-06,100512,32.0,0.5,1.0,1.0,0.0,32.0,0.5
1.0,-1.243966198671842e-05,100513,32.0,0.5,1.0,1.0,0.0,32.0,0.5
1.0,1.4548834769811947e-05,100513,32.0,0.5,1.0,1.0,0.0,32.0,0.5
1.0,7.473799996660091e-07,100514,32.0,0.5,1.0,1.0,0.0,32.0,0.5
1.0,-1.1433468898758292e-05,100514,32.0,0.5,1.0,1.0,0.0,32.0,0.5
1.0,1.4923984053893946e-05,100515,32.0,0.5,1.0,1.0,0.0,32.0,0.5
1.0,2.479466456861701e-05,100515,32.0,0.5,1.0,1.0,0.0,32.0,0.5
1.0,-1.7495443898951635e-05,100516,32.0,0.5,1.0,1.0,0.0,32.0,0.5
1.0,1.0104893590323627e-05,100516,32.0,0.5,1.0,1.0,0.0,32.0,0.5
1.0,-6.0507563830469735e-06,100517,32.0,0.5,1.0,1.0,0.0,32.0,0.5
1.0,-1.3670056432601996e-05,100517,32.0,0.5,1.0,1.0,0.0,32.0,0.5
1.0,-3.937288965971675e-07,100518,32.0,0.5,1.0,1.0,0.0,32.0,0.5
1.0,-6.28336465524626e-06,100518,32.0,0.5,1.0,1.0,0.0,32.0,0.5
1.0,3.798015768552432e-06,100519,32.0,0.5,1.0,1.0,0.0,32.0,0.5
1.0,-6.52978496873402e-06,100519,32.0,0.5,1.0,1.0,0.0,32.0,0.5
1.0,-1.3105422112857923e-05,100520,32.0,0.5,1.0,1.0,0.0,32.0,0.5
1.0,6.306571322056698e-06,100520,32.0,0.5,1.0,1.0,0.0,32.0,0.5
1.0,1.0872771781578194e-05,100521,32.0,0.5,1.0,1.0,0.0,32.0,0.5
1.0,2.596062586235348e-06,100521,32.0,0.5,1.0,1.0,0.0,32.0,0.5
1.0,-3.585048489185283e-06,100522,32.0,0.5,1.0,1.0,0.0,32.0,0.5
1.0,9.338316885987297e-06,100522,32.0,0.5,1.0,1.0,0.0,32.0,0.5
1.0,1.1987824109382927e-05,100523,32.0,0.5,1.0,1.0,0.0,32.0,0.5
1.0,1.660175621509552e-05,100523,32.0,0.5,1.0,1.0,0.0,32.0,0.5
1.0,-6.566267074958887e-06,100524,32.0,0.5,1.0,1.0,0.0,32.0,0.5
1.0,-8.409984729951248e-06,100524,32.0,0.5,1.0,1.0,0.0,32.0,0.5
1.0,8.000136404007208e-06,100525,32.0,0.5,1.0,1.0,0.0,32.0,0.5
1.0,-1.6674024664098397e-05,100525,32.0,0.5,1.0,1.0,0.0,32.0,0.5
1.0,1.8755854398477823e-05,100526,32.0,0.5,1.0,1.0,0.0,32.0,0.5
1.0,1.6912435967242345e-05,100526,32.0,0.5,1.0,1.0,0.0,32.0,0.5
1.0,-1.5063830687722657e-05,100527,32.0,0.5,1.0,1.0,0.0,32.0,0.5
1.0,-1.175595389213413e-05,100527,32.0,0.5,1.0,1.0,0.0,32.0,0.5
1.0,-1.2298683941480704e-05,100528,32.0,0.5,1.0,1.0,0.0,32.0,0.5
1.0,-1.4198582221069955e-06,100528,32.0,0.5,1.0,1.0,0.0,32.0,0.5
1.0,-6.224340722837951e-07,100529,32.0,0.5,1.0,1.0,0.0,32.0,0.5
1.0,1.7712516637402587e-05,100529,32.0,0.5,1.0,1.0,0.0,32.0,0.5
1.0,-4.166227881796658e-06,100530,32.0,0.5,1.0,1.0,0.0,32.0,0.5
1.0,-2.282136165376869e-06,100530,32.0,0.5,1.0,1.0,0.0,32.0,0.5
1.0,3.958911293011624e-06,100531,32.0,0.5,1.0,1.0,0.0,32.0,0.5
1.0,-2.463507917127572e-05,100531,32.0,0.5,1.0,1.0,0.0,32.0,0.5
1.0,1.1633454050752334e-05,100532,32.0,0.5,1.0,1.0,0.0,32.0,0.5
1.0,2.8986632969463244e-06,100532,32.0,0.5,1.0,1.0,0.0,32.0,0.5
1.0,1.6893276551854797e-05,100533,32.0,0.5,1.0,1.0,0.0,32.0,0.5
1.0,-1.7204605683218688e-05,100533,32.0,0.5,1.0,1.0,0.0,32.0,0.5
1.0,-5.590895852947142e-06,100534,32.0,0.5,1.0,1.0,0.0,32.0,0.5
1.0,-7.418979294016026e-06,100534,32.0,0.5,1.0,1.0,0.0,32.0,0.5
1.0,-4.622273991117254e-06,100535,32.0,0.5,1.0,1.0,0.0,32.0,0.5
1.0,-5.565355422731955e-06,100535,32.0,0.5,1.0,1.0,0.0,32.0,0.5
1.0,1.3462818060361315e-05,100536,32.0,0.5,1.0,1.0,0.0,32.0,0.5
1.0,1.7851703887572512e-05,100536,32.0,0.5,1.0,1.0,0.0,32.0,0.5
1.0,1.3829389899910893e-06,100537,32.0,0.5,1.0,1.0,0.0,32.0,0.5
1.0,3.438248086240492e-06,100537,32.0,0.5,1.0,1.0,0.0,32.0,0.5
1.0,-1.1674320376187097e-05,100538,32.0,0.5,1.0,1.0,0.0,32.0,0.5
1.0,-8.636005077278242e-06,100538,32.0,0.5,1.0,1.0,0.0,32.0,0.5
1.0,-1.2120703104301356e-05,100539,32.0,0.5,1.0,1.0,0.0,32.0,0.5
1.0,1.7517927517474163e-06,100539,32.0,0.5,1.0,1.0,0.0,32.0,0.5
1.0,1.5059550605656113e-05,100540,32.0,0.5,1.0,1.0,0.0,32.0,0.5
1.0,-1.1978571819781791e-05,100540,32.0,0.5,1.0,1.0,0.0,32.0,0.5
1.0,-4.948563400830608e-06,100541,32.0,0.5,1.0,1.0,0.0,32.0,0.5
1.0,6.5318354245391674e-06,100541,32.0,0.5,1.0,1.0,0.0,32.0,0.5
1.0,9.842524377745576e-07,100542,32.0,0.5,1.0,1.0,0.0,32.0,0.5
1.0,4.2893134377663955e-06,100542,32.0,0.5,1.0,1.0,0.0,32.0,0.5
1.0,-3.003479832841549e-06,100543,32.0,0.5,1.0,1.0,0.0,32.0,0.5
1.0,-2.8839898732258007e-05,100543,32.0,0.5,1.0,1.0,0.0,32.0,0.5
1.0,-8.197712304536253e-07,100544,32.0,0.5,1.0,1.0,0.0,32.0,0.5
1.0,8.822205927572213e-06,100544,32.0,0.5,1.0,1.0,0.0,32.0,0.5
1.0,-4.6495115384459496e-06,100545,32.0,0.5,1.0,1.0,0.0,32.0,0.5
1.0,-1.1797150364145637e-05,100545,32.0,0.5,1.0,1.0,0.0,32.0,0.5
1.0,1.534453076601494e-05,100546,32.0,0.5,1.0,1.0,0.0,32.0,0.5
1.0,-2.6326357328798622e-05,100546,32.0,0.5,1.0,1.0,0.0,32.0,0.5
1.0,1.1999391972494777e-05,100547,32.0,0.5,1.0,1.0,0.0,32.0,0.5
1.0,1.404153044859413e-05,100547,32.0,0.5,1.0,1.0,0.0,32.0,0.5
1.0,-4.467856342671439e-06,100548,32.0,0.5,1.0,1.0,0.0,32.0,0.5
1.0,-1.217329190694727e-05,100548,32.0,0.5,1.0,1.0,0.0,32.0,0.5
1.0,1.3327812666830141e-05,100549,32.0,0.5,1.0,1.0,0.0,32.0,0.5
1.0,-1.1783795343944803e-05,100549,32.0,0.5,1.0,1.0,0.0,32.0,0.5
1.0,-1.8486514818505384e-05,100550,32.0,0.5,1.0,1.0,0.0,32.0,0.5
1.0,-6.784544893889688e-06,100550,32.0,0.5,1.0,1.0,0.0,32.0,0.5
1.0,-4.1928137761715334e-07,100551,32.0,0.5,1.0,1.0,0.0,32.0,0.5
1.0,1.2776054063579068e-06,100551,32.0,0.5,1.0,1.0,0.0,32.0,0.5
1.0,-9.384744771523401e-06,100552,32.0,0.5,1.0,1.0,0.0,32.0,0.5
1.0,3.909886800101958e-06,100552,32.0,0.5,1.0,1.0,0.0,32.0,0.5
1.0,-1.0360293345001992e-05,100553,32.0,0.5,1.0,1.0,0.0,32.0,0.5
1.0,-8.041519322432578e-06,100553,32.0,0.5,1.0,1.0,0.0,32.0,0.5
1.0,1.2605074516613968e-05,100554,32.0,0.5,1.0,1.0,0.0,32.0,0.5
1.0,-1.98404577531619e-05,100554,32.0,0.5,1.0,1.0,0.0,32.0,0.5
1.0,6.954701348149683e-08,100555,32.0,0.5,1.0,1.0,0.0,32.0,0.5
1.0,-1.3279617633088492e-05,100555,32.0,0.5,1.0,1.0,0.0,32.0,0.5
1.0,1.6983018213068135e-05,100556,32.0,0.5,1.0,1.0,0.0,32.0,0.5
1.0,-7.089878636179492e-06,100556,32.0,0.5,1.0,1.0,0.0,32.0,0.5
1.0,1.1225204616494011e-05,100557,32.0,0.5,1.0,1.0,0.0,32.0,0.5
1.0,-9.696865163277835e-06,100557,32.0,0.5,1.0,1.0,0.0,32.0,0.5
1.0,-1.0385591849626508e-05,100558,32.0,0.5,1.0,1.0,0.0,32.0,0.5
1.0,2.6259290279995184e-06,100558,32.0,0.5,1.0,1.0,0.0,32.0,0.5
1.0,1.5711352716607507e-06,100559,32.0,0.5,1.0,1.0,0.0,32.0,0.5
1.0,-1.172239899460692e-05,100559,32.0,0.5,1.0,1.0,0.0,32.0,0.5
1.0,7.200701475085225e-06,100560,32.0,0.5,1.0,1.0,0.0,32.0,0.5
1.0,8.31325678518624e-07,100560,32.0,0.5,1.0,1.0,0.0,32.0,0.5
1.0,3.9173437471617945e-06,100561,32.0,0.5,1.0,1.0,0.0,32.0,0.5
1.0,1.7332342395093292e-05,100561,32.0,0.5,1.0,1.0,0.0,32.0,0.5
1.0,1.0576988643151708e-05,100562,32.0,0.5,1.0,1.0,0.0,32.0,0.5
1.0,-5.089902970212279e-06,100562,32.0,0.5,1.0,1.0,0.0,32.0,0.5
1.0,1.3176319043850526e-05,100563,32.0,0.5,1.0,1.0,0.0,32.0,0.5
1.0,2.2440755856223404e-05,100563,32.0,0.5,1.0,1.0,0.0,32.0,0.5
1.0,-8.11139489087509e-06,100564,32.0,0.5,1.0,1.0,0.0,32.0,0.5
1.0,-8.101051207631826e-06,100564,32.0,0.5,1.0,1.0,0.0,32.0,0.5
1.0,1.0077904335048515e-05,100565,32.0,0.5,1.0,1.0,0.0,32.0,0.5
1.0,4.0828372220858e-06,100565,32.0,0.5,1.0,1.0,0.0,32.0,0.5
1.0,-4.79382606499712e-06,100566,32.0,0.5,1.0,1.0,0.0,32.0,0.5
1.0,4.853700374951586e-06,100566,32.0,0.5,1.0,1.0,0.0,32.0,0.5
1.0,-4.831750629818998e-06,100567,32.0,0.5,1.0,1.0,0.0,32.0,0.5
1.0,-5.301621058606543e-06,100567,32.0,0.5,1.0,1.0,0.0,32.0,0.5
1.0,1.4006345736561343e-06,100568,32.0,0.5,1.0,1.0,0.0,32.0,0.5
1.0,-7.381536761386087e-06,100568,32.0,0.5,1.0,1.0,0.0,32.0,0.5
1.0,-8.980168786365539e-06,100569,32.0,0.5,1.0,1.0,0.0,32.0,0.5
1.0,6.25470420345664e-06,100569,32.0,0.5,1.0,1.0,0.0,32.0,0.5
1.0,1.0384952474851161e-05,100570,32.0,0.5,1.0,1.0,0.0,32.0,0.5
1.0,-1.1060276847274508e-05,100570,32.0,0.5,1.0,1.0,0.0,32.0,0.5
1.0,-8.240703209594358e-06,100571,32.0,0.5,1.0,1.0,0.0,32.0,0.5
1.0,1.623494244995527e-05,100571,32.0,0.5,1.0,1.0,0.0,32.0,0.5
1.0,2.800478796416428e-06,100572,32.0,0.5,1.0,1.0,0.0,32.0,0.5
1.0,8.446795618510805e-06,100572,32.0,0.5,1.0,1.0,0.0,32.0,0.5
1.0,-1.8731479940470308e-06,100573,32.0,0.5,1.0,1.0,0.0,32.0,0.5
1.0,-7.643026037840173e-06,100573,32.0,0.5,1.0,1.0,0.0,32.0,0.5
1.0,-5.071474333817605e-07,100574,32.0,0.5,1.0,1.0,0.0,32.0,0.5
1.0,1.4870797713228967e-06,100574,32.0,0.5,1.0,1.0,0.0,32.0,0.5
1.0,-2.3168104235082865e-07,100575,32.0,0.5,1.0,1.0,0.0,32.0,0.5
1.0,-5.463178695208626e-06,100575,32.0,0.5,1.0,1.0,0.0,32.0,0.5
1.0,7.554576768598054e-06,100576,32.0,0.5,1.0,1.0,0.0,32.0,0.5
1.0,-1.5056975826155394e-05,100576,32.0,0.5,1.0,1.0,0.0,32.0,0.5
1.0,-1.8437072867527604e-05,100577,32.0,0.5,1.0,1.0,0.0,32.0,0.5
1.0,-3.4496902117098216e-06,100577,32.0,0.5,1.0,1.0,0.0,32.0,0.5
1.0,1.490581598773133e-05,100578,32.0,0.5,1.0,1.0,0.0,32.0,0.5
1.0,1.409304218213947e-06,100578,32.0,0.5,1.0,1.0,0.0,32.0,0.5
1.0,4.286054718249943e-06,100579,32.0,0.5,1.0,1.0,0.0,32.0,0.5
1.0,2.27460850510397e-06,100579,32.0,0.5,1.0,1.0,0.0,32.0,0.5
1.0,4.763344804814551e-06,100580,32.0,0.5,1.0,1.0,0.0,32.0,0.5
1.0,-2.14991086977534e-05,100580,32.0,0.5,1.0,1.0,0.0,32.0,0.5
1.0,-1.1233089935558382e-05,100581,32.0,0.5,1.0,1.0,0.0,32.0,0.5
1.0,-6.811063030909281e-06,100581,32.0,0.5,1.0,1.0,0.0,32.0,0.5
1.0,1.2552209227578714e-05,100582,32.0,0.5,1.0,1.0,0.0,32.0,0.5
1.0,-1.314048859057948e-05,100582,32.0,0.5,1.0,1.0,0.0,32.0,0.5
1.0,-2.1056416699138936e-06,100583,32.0,0.5,1.0,1.0,0.0,32.0,0.5
1.0,9.040092663781252e-06,100583,32.0,0.5,1.0,1.0,0.0,32.0,0.5
1.0,7.406133590848185e-07,100584,32.0,0.5,1.0,1.0,0.0,32.0,0.5
1.0,-5.021557171858149e-06,100584,32.0,0.5,1.0,1.0,0.0,32.0,0.5
1.0,1.0272362487739883e-05,100585,32.0,0.5,1.0,1.0,0.0,32.0,0.5
1.0,-2.013976700254716e-05,100585,32.0,0.5,1.0,1.0,0.0,32.0,0.5
1.0,-8.350077678187517e-07,100586,32.0,0.5,1.0,1.0,0.0,32.0,0.5
1.0,-3.15876491185918e-06,100586,32.0,0.5,1.0,1.0,0.0,32.0,0.5
1.0,2.446469443384558e-05,100587,32.0,0.5,1.0,1.0,0.0,32.0,0.5
1.0,-5.424133632914163e-06,100587,32.0,0.5,1.0,1.0,0.0,32.0,0.5
1.0,-7.307145097001921e-06,100588,32.0,0.5,1.0,1.0,0.0,32.0,0.5
1.0,-1.6873182175913826e-06,100588,32.0,0.5,1.0,1.0,0.0,32.0,0.5
1.0,1.60355593834538e-05,100589,32.0,0.5,1.0,1.0,0.0,32.0,0.5
1.0,4.650190930988174e-06,100589,32.0,0.5,1.0,1.0,0.0,32.0,0.5
1.0,-1.017473368847277e-05,100590,32.0,0.5,1.0,1.0,0.0,32.0,0.5
1.0,1.2718481229967438e-05,100590,32.0,0.5,1.0,1.0,0.0,32.0,0.5
1.0,-2.311229764018208e-06,100591,32.0,0.5,1.0,1.0,0.0,32.0,0.5
1.0,1.3484628652804531e-05,100591,32.0,0.5,1.0,1.0,0.0,32.0,0.5
1.0,2.647492920004879e-06,100592,32.0,0.5,1.0,1.0,0.0,32.0,0.5
1.0,1.1387912309146486e-05,100592,32.0,0.5,1.0,1.0,0.0,32.0,0.5
1.0,-3.3429137147322763e-07,100593,32.0,0.5,1.0,1.0,0.0,32.0,0.5
1.0,3.1510130611422937e-06,100593,32.0,0.5,1.0,1.0,0.0,32.0,0.5
1.0,-9.19100330065703e-07,100594,32.0,0.5,1.0,1.0,0.0,32.0,0.5
1.0,5.986072665109532e-06,100594,32.0,0.5,1.0,1.0,0.0,32.0,0.5
1.0,-1.857595816545654e-05,100595,32.0,0.5,1.0,1.0,0.0,32.0,0.5
1.0,2.9093480407027528e-05,100595,32.0,0.5,1.0,1.0,0.0,32.0,0.5
1.0,1.8482620362192392e-05,100596,32.0,0.5,1.0,1.0,0.0,32.0,0.5
1.0,4.254928353475407e-05,100596,32.0,0.5,1.0,1.0,0.0,32.0,0.5
1.0,6.353170647344086e-07,100597,32.0,0.5,1.0,1.0,0.0,32.0,0.5
1.0,1.7855954865808599e-06,100597,32.0,0.5,1.0,1.0,0.0,32.0,0.5
1.0,1.7379246855853125e-05,100598,32.0,0.5,1.0,1.0,0.0,32.0,0.5
1.0,-2.6489715310162865e-06,100598,32.0,0.5,1.0,1.0,0.0,32.0,0.5
1.0,7.879491022322327e-06,100599,32.0,0.5,1.0,1.0,0.0,32.0,0.5
1.0,7.719095265201759e-07,100599,32.0,0.5,1.0,1.0,0.0,32.0,0.5
1.0,-2.351751390960999e-05,100600,32.0,0.5,1.0,1.0,0.0,32.0,0.5
1.0,-1.9535491446731612e-05,100600,32.0,0.5,1.0,1.0,0.0,32.0,0.5
1.0,-4.227586032357067e-07,100601,32.0,0.5,1.0,1.0,0.0,32.0,0.5
1.0,4.53118536825059e-06,100601,32.0,0.5,1.0,1.0,0.0,32.0,0.5
1.0,1.3576038327300921e-05,100602,32.0,0.5,1.0,1.0,0.0,32.0,0.5
1.0,1.292377646677778e-06,100602,32.0,0.5,1.0,1.0,0.0,32.0,0.5
1.0,3.9986234696698375e-06,100603,32.0,0.5,1.0,1.0,0.0,32.0,0.5
1.0,-3.093924533459358e-06,100603,32.0,0.5,1.0,1.0,0.0,32.0,0.5
1.0,6.689261226711096e-06,100604,32.0,0.5,1.0,1.0,0.0,32.0,0.5
1.0,7.3029632403631695e-06,100604,32.0,0.5,1.0,1.0,0.0,32.0,0.5
1.0,-2.281818160554394e-05,100605,32.0,0.5,1.0,1.0,0.0,32.0,0.5
1.0,5.686158147000242e-06,100605,32.0,0.5,1.0,1.0,0.0,32.0,0.5
1.0,2.4570322239014786e-06,100606,32.0,0.5,1.0,1.0,0.0,32.0,0.5
1.0,-1.1482546142360661e-05,100606,32.0,0.5,1.0,1.0,0.0,32.0,0.5
0.90625,31.788047790527344,100607,32.0,0.5,1.0,0.953125,0.0,32.0,0.546875
1.0,-2.8678891794697847e-06,100607,32.0,0.5,1.0,1.0,0.0,32.0,0.5
1.0,-2.169271738239331e-06,100608,32.0,0.5,1.0,1.0,0.0,32.0,0.5
1.0,-1.0250638297293335e-05,100608,32.0,0.5,1.0,1.0,0.0,32.0,0.5
1.0,7.273910796357086e-06,100609,32.0,0.5,1.0,1.0,0.0,32.0,0.5
1.0,3.168466719216667e-06,100609,32.0,0.5,1.0,1.0,0.0,32.0,0.5
1.0,-1.354466348857386e-05,100610,32.0,0.5,1.0,1.0,0.0,32.0,0.5
1.0,-1.298266761295963e-05,100610,32.0,0.5,1.0,1.0,0.0,32.0,0.5
1.0,1.029411669151159e-05,100611,32.0,0.5,1.0,1.0,0.0,32.0,0.5
1.0,-9.140392648987472e-06,100611,32.0,0.5,1.0,1.0,0.0,32.0,0.5
1.0,-2.1447365725180134e-05,100612,32.0,0.5,1.0,1.0,0.0,32.0,0.5
1.0,1.167295704362914e-05,100612,32.0,0.5,1.0,1.0,0.0,32.0,0.5
1.0,-3.4053846320603043e-07,100613,32.0,0.5,1.0,1.0,0.0,32.0,0.5
1.0,6.0851780290249735e-06,100613,32.0,0.5,1.0,1.0,0.0,32.0,0.5
1.0,-1.2609241821337491e-05,100614,32.0,0.5,1.0,1.0,0.0,32.0,0.5
1.0,-8.330996479344321e-07,100614,32.0,0.5,1.0,1.0,0.0,32.0,0.5
