time/total_timesteps,time/time_elapsed,time/fps,rollout/ep_len_mean,time/iterations,rollout/ep_rew_mean,train/policy_gradient_loss,train/learning_rate,train/approx_kl,train/explained_variance,rollout/ep_rew_wrapped_mean,train/value_loss,train/n_updates,train/clip_range,train/clip_fraction,train/entropy_loss,train/std,train/loss
24576,54,447,21.88,1,-21.88,,,,,,,,,,,,
49152,57,851,21.51,1,-21.51,-0.004449052734101618,0.0003,0.006345466,-0.9137712717056274,16.056979991793632,0.22894468017475447,10,0.2,0.06300862630208333,-5.710335299248497,1.009647011756897,0.04072993993759155
73728,52,1399,22.25,1,-22.25,-0.006678192261703467,0.0003,0.007800992,0.7908674776554108,15.730755650997162,0.029865941225458905,20,0.2,0.082421875,-5.693904949476321,1.005903720855713,0.010601941496133804
98304,54,1818,23.2,1,-23.2,-0.016637642435913827,0.0003,0.011181728,0.9441945664584637,16.120034903287888,0.039578458758235985,30,0.2,0.15576171875,-5.64660167718927,0.9920494556427002,0.010451458394527435
122880,54,2275,24.91,1,-24.91,-0.02111100520111601,0.0003,0.01420628,0.9546037390828133,16.756395079493522,0.04436131874608691,40,0.2,0.19025472005208333,-5.58623467994233,0.976269543170929,0.0009476989507675171
147456,50,2900,26.53,1,-26.53,-0.02284671227086316,0.0003,0.015778502,0.9435793459415436,17.870987522602082,0.06173812562750148,50,0.2,0.20491536458333334,-5.509295867880185,0.9592746496200562,0.008772823959589005
172032,45,3783,29.59,1,-29.59,-0.02423017370601883,0.0003,0.017064722,0.9225200638175011,18.969605230093002,0.09736358519051767,60,0.2,0.21776123046875,-5.4194605007767676,0.9390959739685059,-0.008790628984570503
196608,47,4132,32.44,1,-32.44,-0.022749616678387003,0.0003,0.017343743,0.9108402281999588,21.070110349059107,0.12776559579651803,70,0.2,0.21584065755208334,-5.336381616070867,0.9178463220596313,0.012560021132230759
221184,135,1630,5.6,1,-5.6,-0.02186687918995934,0.0003,0.01849865,0.9004730582237244,22.917546988129615,0.15924196049842673,80,0.2,0.22927652994791667,-5.220664014046391,0.8935266137123108,0.07385019212961197
245760,166,1477,3.58,1,-3.58,-0.005402228313566108,0.0003,0.010612895,0.23732370138168335,3.9911229375004766,0.23713967370567843,90,0.2,0.1199951171875,-5.158623891199628,0.8777575492858887,0.06514935195446014
270336,206,1310,4.1,1,-4.1,-0.01680611003030208,0.0003,0.015156839,0.9112652987241745,2.497717309296131,0.1830361025010158,100,0.2,0.18356526692708333,-5.05848500157396,0.859088659286499,0.11850375682115555
294912,202,1454,3.21,1,-3.21,-0.015543757634198603,0.0003,0.015119945,0.932867132127285,2.87908175945282,0.1435467200363443,110,0.2,0.17614339192708334,-4.966942099605998,0.8406772017478943,0.0478392168879509
319488,197,1615,3.89,1,-3.89,-0.014829188787552993,0.0003,0.01429357,0.9396563209593296,2.1636290004849434,0.13835503321994716,120,0.2,0.17064615885416667,-4.875569669529796,0.8215683698654175,0.03350213170051575
344064,238,1443,2.11,1,-2.11,-0.013117065689705972,0.0003,0.014775366,0.9426198713481426,2.641758719086647,0.12554577717819485,130,0.2,0.16766764322916666,-4.7819918807595965,0.8046380281448364,0.004690617322921753
368640,299,1231,1.67,1,-1.67,-0.002142597507190658,0.0003,0.011205272,0.6272809505462646,1.402662095427513,0.1819270548808466,140,0.2,0.13382975260416666,-4.789466518908739,0.8071575164794922,0.059195902198553085
393216,370,1061,1.5,1,-1.5,-0.010628664115210995,0.0003,0.014718386,0.9325360134243965,1.1185486704111098,0.12487982276409942,150,0.2,0.17087809244791666,-4.714032071207961,0.791454017162323,0.1479119509458542
417792,404,1033,1.0,1,-1.0,-0.005989884075340039,0.0003,0.013370763,0.9324058964848518,0.9530132550001145,0.08297797420927963,160,0.2,0.15332438151041666,-4.66666821675996,0.7834721803665161,0.031799860298633575
442368,455,971,1.0,1,-1.0,-0.010706865732451358,0.0003,0.013506174,0.9629842229187489,0.6099583566188812,0.0632399888180468,170,0.2,0.13992513020833333,-4.598673266172409,0.7713499069213867,0.031474482268095016
466944,461,1010,1.0,1,-1.0,-0.010616950520246367,0.0003,0.013304982,0.9715534523129463,0.5930977869033813,0.035833236602047694,180,0.2,0.12885335286458333,-4.54097988307476,0.7591279745101929,-0.010301603004336357
491520,502,977,1.0,1,-1.0,-0.011867505088412144,0.0003,0.014599395,0.9757050145417452,0.5756837755441666,0.032093225071427395,190,0.2,0.1432373046875,-4.452139446015159,0.7401731014251709,0.012000360526144505
516096,565,912,1.0,1,-1.0,-0.00012311654766866315,0.0003,0.012103438,0.4630467891693115,0.5625925189256669,0.065437189736258,200,0.2,0.12994384765625,-4.497558057929079,0.7540642023086548,0.13231277465820312
540672,565,955,1.0,1,-1.0,-0.00873100209767775,0.0003,0.011049057,0.9631886705756187,0.5471051436662674,0.02420613104814038,210,0.2,0.12041829427083334,-4.4645660058905685,0.743801474571228,-0.020987115800380707
565248,568,993,1.0,1,-1.0,-0.008592070500768993,0.0003,0.012314898,0.9693577252328396,0.5336480486392975,0.02119227109304423,220,0.2,0.14996337890625,-4.402990373720725,0.7313100099563599,-0.019711792469024658
589824,531,1109,1.0,1,-1.0,-0.009047150803356392,0.0003,0.01244475,0.9741026572883129,0.5146759578585625,0.021121454848131785,230,0.2,0.13324788411458333,-4.36082457602024,0.7256622314453125,-0.00922324974089861
614400,537,1142,2.2,1,-2.2,-0.008985283205765882,0.0003,0.012004927,0.9754605442285538,0.5003123685717583,0.01936164271149513,240,0.2,0.13701985677083334,-4.338304700826606,0.721748411655426,0.024044396355748177
638976,592,1079,1.0,1,-1.0,-0.007278131843668234,0.0003,0.011617784,0.929060235619545,1.2757467678189278,0.034114412754494575,250,0.2,0.13213297526041667,-4.325506721561154,0.721460223197937,-4.255026578903198e-05
663552,627,1057,1.0,1,-1.0,-0.000766541008730807,0.0003,0.008280673,0.5004642009735107,0.46677168071269987,0.014404434074848874,260,0.2,0.09686279296875,-4.349694263065855,0.726844847202301,-0.00041658361442387104
688128,644,1068,1.0,1,-1.0,-0.0039821500338196834,0.0003,0.018131124,-173.9797821044922,0.44759259670972823,3.921416385139764e-05,270,0.2,0.22955322265625,-4.379041656975945,0.7304442524909973,-0.005818611942231655
712704,643,1108,1.0,1,-1.0,-0.03910360984130724,0.0003,0.042026255,-7.186296463012695,0.4307934048771858,3.5361670019481055e-05,280,0.2,0.40877685546875,-4.394943805535634,0.7342427968978882,-0.03449838235974312
737280,632,1165,1.0,1,-1.0,-0.06974568613998902,0.0003,1.3041198,-2.818882703781128,0.41792396306991575,1.769597576413891e-05,290,0.2,0.55848388671875,-4.366087550173203,0.7279767990112305,-0.04373735561966896
761856,621,1225,1.0,1,-1.0,-0.0393365447926044,0.0003,0.027963176,-3.155092239379883,0.42351589232683184,1.2640638356664625e-05,300,0.2,0.34512125651041664,-4.316364614044627,0.721814751625061,0.002857394050806761
786432,623,1260,1.0,1,-1.0,-0.05428065579253598,0.0003,0.039469887,-1.3473968505859375,0.4007885244488716,2.251505078435893e-05,310,0.2,0.42834879557291666,-4.265738857661685,0.7134485840797424,-0.07441948354244232
811008,621,1304,1.0,1,-1.0,-0.06893251159757104,0.0003,0.048305858,-0.6158113479614258,0.38851065874099733,1.3624904796039062e-05,320,0.2,0.45638834635416664,-4.199905086681246,0.7019398808479309,-0.06000545620918274
835584,663,1259,1.0,1,-1.0,-0.06669703732234969,0.0003,0.041853424,-0.794640064239502,0.37781387120485305,1.2205803159481832e-05,330,0.2,0.4390177408854167,-4.1194471921771765,0.689823567867279,-0.07297961413860321
860160,672,1278,1.0,1,-1.0,-0.07332960492373483,0.0003,1.3815627,-0.8752896785736084,0.35917268246412276,2.0852630729469487e-05,340,0.2,0.57720947265625,-3.969523752356569,0.6596959829330444,-0.08968311548233032
884736,665,1329,1.0,1,-1.0,-0.06500588025228353,0.0003,0.08414435,-0.4452275037765503,0.35970369547605513,8.295230116347104e-06,350,0.2,0.46159261067708335,-3.761639945891996,0.6297318935394287,-0.0687088817358017
909312,658,1380,1.0,1,-1.0,-0.05914792759358534,0.0003,0.03460579,-0.4903225898742676,0.34183523058891296,1.0154033329978773e-05,360,0.2,0.38287353515625,-3.5917087716360885,0.6038494110107422,-0.06152144446969032
933888,636,1467,1.0,1,-1.0,-0.038439395531653035,0.0003,0.025895538,-1.5686886310577393,0.3227055597305298,6.8049691768952885e-06,370,0.2,0.3133463541666667,-3.446307649090886,0.5819233655929565,-0.07170075178146362
958464,670,1428,1.0,1,-1.0,-0.03802366884240958,0.0003,0.02449513,-1.4972152709960938,0.2997357803583145,6.259456298633263e-06,380,0.2,0.3057942708333333,-3.2985104062904913,0.5608835220336914,-0.023064250126481056
983040,687,1429,1.0,1,-1.0,-0.02757318997028051,0.0003,0.02050887,-2.709272623062134,0.2805212153494358,5.963720166531535e-06,390,0.2,0.26348876953125,-3.1673497756322226,0.5419871211051941,-0.0244731642305851
1007616,685,1469,1.0,1,-1.0,-0.029269944968594547,0.0003,0.020415034,-2.2490580081939697,0.25549858510494233,6.051701925735564e-06,400,0.2,0.27515055338541666,-3.0152442023778954,0.5227400064468384,-0.026731077581644058
1032192,665,1550,1.0,1,-1.0,-0.020581940388486448,0.0003,0.018685361,-4.0575666427612305,0.23559215292334557,4.3535244918328315e-06,410,0.2,0.24568684895833334,-2.9060766194636622,0.5079126358032227,-0.0012364342110231519
1056768,636,1660,1.0,1,-1.0,-0.009066467839753992,0.0003,0.016737891,-13.0269775390625,0.214007458537817,4.588218374233325e-06,420,0.2,0.22419026692708333,-2.8176434171696503,0.49692249298095703,-0.04279492422938347
1081344,685,1578,1.0,1,-1.0,-0.005202751731728009,0.0003,0.017599806,-23.44562530517578,0.19405360236763955,2.111923500332698e-06,430,0.2,0.21067708333333332,-2.7795275850221515,0.4940430521965027,0.007182060740888119
1105920,673,1642,1.0,1,-1.0,-0.006337069963046815,0.0003,0.018384283,-22.52370834350586,0.1754397450387478,2.821245130331847e-06,440,0.2,0.22724609375,-2.756564650436242,0.49324020743370056,0.010023295879364014
1130496,646,1747,1.0,1,-1.0,-0.019259075006266356,0.0003,0.025078207,-6.92276668548584,0.15809711024165155,4.676609866834566e-06,450,0.2,0.29835611979166665,-2.7821338650460046,0.49911946058273315,-0.009814143180847168
1155072,635,1817,1.0,1,-1.0,-0.005697842040171963,0.0003,0.015303832,-27.26011085510254,0.14140280857682228,3.16468179086075e-06,460,0.2,0.201123046875,-2.80473042956243,0.5018071532249451,0.013911898247897625
1179648,646,1824,1.0,1,-1.0,-0.024218658054451225,0.0003,0.038978364,-6.3769707679748535,0.1268661840260029,4.682684560053385e-06,470,0.2,0.33720296223958335,-2.8506042869761585,0.5101151466369629,-0.029022639617323875
1204224,642,1873,1.0,1,-1.0,-0.02299470876975344,0.0003,0.028479218,-7.73057746887207,0.11460954383015633,9.342159919145664e-06,480,0.2,0.318994140625,-2.8902152522777516,0.5146002769470215,-0.015863077715039253
1228800,652,1882,1.0,1,-1.0,-0.0439927023358905,0.0003,0.047306836,-2.3757355213165283,0.10442214876413346,5.241004334995599e-06,490,0.2,0.43550211588541665,-2.947363450502356,0.524653434753418,-0.05520288273692131
1253376,644,1945,1.0,1,-1.0,-0.05481077052730446,0.0003,0.0516026,-1.640448808670044,0.0953677175194025,5.136162493846186e-06,500,0.2,0.47054443359375,-3.007863266207278,0.5334926247596741,-0.061594363301992416
1277952,639,1998,1.0,1,-1.0,-0.04462897570071315,0.0003,0.04653501,-2.8118791580200195,0.08883452624082565,7.102976286965657e-06,510,0.2,0.42841796875,-3.065930400416255,0.542952299118042,-0.03710006922483444
1302528,649,2006,1.0,1,-1.0,-0.05417697593293269,0.0003,0.060529698,-1.9606609344482422,0.08323940746486187,4.014967156525569e-06,520,0.2,0.46234537760416666,-3.1044075320164364,0.5482081174850464,-0.029846733435988426
1327104,649,2042,1.0,1,-1.0,-0.05424348395911996,0.0003,0.045692313,-2.0284743309020996,0.07627065047621727,9.07435841571343e-06,530,0.2,0.46422119140625,-3.1354925389712056,0.5547763705253601,-0.06192977353930473
1351680,634,2130,1.0,1,-1.0,-0.06478820711903002,0.0003,0.0537243,-1.4207754135131836,0.07512406393885612,5.563541519393311e-06,540,0.2,0.5027669270833334,-3.1394787855446338,0.55475914478302,-0.05909651145339012
1376256,644,2133,1.0,1,-1.0,-0.09279668906140917,0.0003,1.3406634,-0.9366072416305542,0.06900112111121416,1.3482070390550641e-05,550,0.2,0.7538167317708333,-3.0361454835161568,0.5355051159858704,-0.10468889772891998
1400832,642,2179,1.0,1,-1.0,-0.0936500954288931,0.0003,0.12274763,-0.39609622955322266,0.07705214865505695,7.763614605845367e-06,560,0.2,0.6142252604166667,-2.951983829960227,0.5253719091415405,-0.10173174738883972
1425408,638,2232,1.0,1,-1.0,-0.06299094480006412,0.0003,0.08579585,-2.1423492431640625,0.07516634952276945,7.692863105039176e-06,570,0.2,0.5395222981770833,-2.893978931506475,0.5171011090278625,-0.08777573704719543
1449984,640,2262,1.0,1,-1.0,-0.0661022483574925,0.0003,0.06513142,-1.6411774158477783,0.07277199003845453,6.453620119891331e-06,580,0.2,0.5322957356770833,-2.809358004294336,0.5070419311523438,-0.09592544287443161
1474560,647,2277,1.0,1,-1.0,-0.07216761684733987,0.0003,0.056002695,-0.9840569496154785,0.07242040190845728,5.332093464316401e-06,590,0.2,0.49171549479166665,-2.7001826614141464,0.4912039041519165,-0.08127857744693756
1499136,647,2315,1.0,1,-1.0,-0.057537066714576215,0.0003,0.060649913,-2.1126961708068848,0.06918167378753423,4.2482486628081516e-06,600,0.2,0.47716064453125,-2.600096564553678,0.47826969623565674,-0.04576977714896202
1523712,661,2303,1.0,1,-1.0,-0.03000647391042245,0.0003,0.52334815,-10.635522842407227,0.06637104887515306,1.7779190530549844e-06,610,0.2,0.4331746419270833,-2.5135258874545494,0.46651691198349,-0.03939780592918396
1548288,665,2327,1.0,1,-1.0,-0.04043317041505361,0.0003,0.035707686,-3.427794933319092,0.0675644689053297,3.2548960290664415e-06,620,0.2,0.3863037109375,-2.4018419163301585,0.454428493976593,-0.02527591399848461
1572864,658,2389,1.0,1,-1.0,-0.04583299676911944,0.0003,0.035967022,-2.187256097793579,0.06270592976361514,5.19405598740826e-06,630,0.2,0.40772705078125,-2.2746692166974145,0.4396991729736328,-0.05549902468919754
1597440,660,2419,1.0,1,-1.0,-0.04323920058801984,0.0003,0.03899537,-1.9016666412353516,0.06050979133695364,2.5671225276376515e-06,640,0.2,0.40206298828125,-2.1385255800560117,0.4263831079006195,-0.05075046792626381
1622016,678,2389,1.0,1,-1.0,-0.04220992948636801,0.0003,0.03444152,-1.1707322597503662,0.056891386210918424,3.2417106704577906e-06,650,0.2,0.37454020182291664,-2.002131416896979,0.41227585077285767,-0.009637928567826748
1646592,668,2464,1.0,1,-1.0,-0.01150181650518789,0.0003,0.017594531,-8.30595874786377,0.05343530606478453,2.1223370378168718e-06,660,0.2,0.23792724609375,-1.9151331005307535,0.40466269850730896,-0.014059919863939285
1671168,645,2587,1.0,1,-1.0,-0.03020702668048519,0.0003,0.026875263,-0.9365293979644775,0.050018934421241286,2.4866344496721206e-06,670,0.2,0.31201578776041666,-1.7974668937735259,0.3919740319252014,-0.0506984107196331
1695744,640,2649,1.0,1,-1.0,-0.018962062386829834,0.0003,0.022699023,-1.3747849464416504,0.04624819897115231,2.087906626935254e-06,680,0.2,0.26279296875,-1.6825024950007597,0.3825894594192505,-0.023677164688706398
1720320,697,2467,1.0,1,-1.0,-0.023293930000969947,0.0003,0.030978756,-0.13657283782958984,0.04347270704805851,2.1429947357339457e-06,690,0.2,0.29296875,-1.566608691494912,0.37171652913093567,-0.010878273285925388
1744896,739,2360,1.0,1,-1.0,-0.005425160293452791,0.0003,0.015158036,-2.5067217350006104,0.039849596284329894,1.7770752675181727e-06,700,0.2,0.18272298177083332,-1.478752867380778,0.36478832364082336,-0.01735823228955269
1769472,724,2442,1.0,1,-1.0,-0.004296119829814415,0.0003,0.0155664245,-2.2104063034057617,0.037121274545788764,2.9724019374455235e-06,710,0.2,0.20631917317708334,-1.4166468065232038,0.36105161905288696,-0.008307719603180885
1794048,729,2458,1.0,1,-1.0,0.00015673428254861694,0.0003,0.011393894,-4.711036682128906,0.03448932785540819,1.928425779301746e-06,720,0.2,0.15618896484375,-1.3738759826868772,0.3580549657344818,0.007761666551232338
1818624,729,2492,1.0,1,-1.0,0.00011038438206014689,0.0003,0.013747704,-2.5473618507385254,0.03182388547807932,3.0758060782213696e-06,730,0.2,0.19059244791666666,-1.3289304283447563,0.3556970953941345,0.0058062258176505566
1843200,725,2541,1.0,1,-1.0,0.0015181060231649706,0.0003,0.011048925,-5.367870807647705,0.029579407535493374,3.134443791627528e-06,740,0.2,0.14058837890625,-1.3162222818161051,0.3560306131839752,0.019127683714032173
1867776,724,2576,1.0,1,-1.0,0.002759004167455714,0.0003,0.011649251,-3.9826207160949707,0.027414802368730305,1.820241143335455e-06,750,0.2,0.15347086588541667,-1.3191066857737799,0.35806572437286377,0.020060548558831215
1892352,718,2634,1.0,1,-1.0,0.002481562212657688,0.0003,0.009389941,-7.32271671295166,0.025332363992929458,1.3842396841425482e-06,760,0.2,0.12684326171875,-1.2927512438346942,0.35545265674591064,-0.00935464259237051
1916928,739,2593,1.0,1,-1.0,0.0032475527774901516,0.0003,0.008883311,-9.715846061706543,0.023682294115424156,1.7541157568190523e-06,770,0.2,0.11378987630208333,-1.2958837840085229,0.3558119535446167,0.009061632677912712
1941504,738,2629,1.0,1,-1.0,-0.0006035611454232519,0.0003,0.01356217,-0.9267621040344238,0.022199370209127666,1.5552705023726594e-06,780,0.2,0.17983805338541667,-1.2753497549022237,0.35530251264572144,-0.00783802941441536
1966080,800,2457,1.0,1,-1.0,0.0035855078532525415,0.0003,0.008954641,-13.282153129577637,0.020793728772550823,1.2104877674270116e-06,790,0.2,0.105224609375,-1.2742987521924078,0.3571630120277405,-0.007145728450268507
1990656,784,2538,1.0,1,-1.0,0.0016413746070611523,0.0003,0.010117063,-3.2012953758239746,0.0196118538454175,1.2847588098099938e-05,800,0.2,0.13059488932291666,-1.3058362656583389,0.36024874448776245,0.008154059760272503
2015232,802,2510,1.0,1,-1.0,0.00020993179944828929,0.0003,0.011722206,-1.738114595413208,0.018456910364329816,1.4901271783681244e-06,810,0.2,0.15324300130208332,-1.3065833480097353,0.3605741262435913,-0.031960535794496536
2039808,784,2598,1.0,1,-1.0,-0.0018219672980194445,0.0003,0.012799725,-1.678060531616211,0.01754415820352733,1.0066381257782993e-06,820,0.2,0.17340494791666666,-1.2989523755386472,0.3615402579307556,-0.012562794610857964
2064384,793,2600,1.0,1,-1.0,-0.0019090136259668118,0.0003,0.010658759,-2.1494500637054443,0.016745435576885938,1.087287291589208e-06,830,0.2,0.15437825520833334,-1.3089043672817449,0.3633281886577606,-0.010345513932406902
2088960,782,2668,1.0,1,-1.0,-0.0008809430783003336,0.0003,0.011798412,-2.3373284339904785,0.01582147398032248,1.2100656775787532e-06,840,0.2,0.15643310546875,-1.3277338533041378,0.3664652705192566,-0.006907452363520861
2113536,715,2955,1.0,1,-1.0,-0.0034053181671576263,0.0003,0.0120578855,-1.55574631690979,0.015277059637010098,1.3201829672631245e-06,850,0.2,0.1694580078125,-1.3490498890789846,0.36872628331184387,-0.012449715286493301
2138112,713,2996,1.0,1,-1.0,-0.006395937793301224,0.0003,0.012884962,-1.3001039028167725,0.014759586481377483,1.871895440653156e-06,860,0.2,0.18467610677083332,-1.364808479634424,0.37092524766921997,-0.027320383116602898
2162688,715,3022,1.0,1,-1.0,-0.009811237938871878,0.0003,0.021613918,-1.108675479888916,0.01430497070774436,9.419624027035001e-07,870,0.2,0.22837320963541666,-1.395288810847948,0.3753863573074341,-0.03622981533408165
2187264,712,3068,1.0,1,-1.0,-0.015421192112989956,0.0003,0.018578554,-0.5724546909332275,0.013723275400698185,1.1726220537069028e-06,880,0.2,0.25283203125,-1.4349343239329755,0.3798237442970276,-0.004820064175873995
2211840,718,3080,1.0,1,-1.0,-0.010646884468587813,0.0003,0.019641588,-2.050477981567383,0.013208612063899637,4.173673277861611e-06,890,0.2,0.24659830729166668,-1.4617974828618268,0.3835994303226471,-0.00776428310200572
2236416,713,3132,1.0,1,-1.0,-0.02184360844476032,0.0003,0.026237778,-0.7908844947814941,0.012960000615566968,7.678559234216194e-07,900,0.2,0.28622233072916664,-1.482697140891105,0.3855516314506531,-0.02698604017496109
2260992,715,3161,1.0,1,-1.0,-0.03351625410383955,0.0003,0.09504809,-0.2993814945220947,0.012491172682493924,1.4562174529160015e-06,910,0.2,0.3481363932291667,-1.4830014578377206,0.3874056935310364,-0.041058652102947235
2285568,720,3170,1.0,1,-1.0,-0.02775786963466089,0.0003,0.029531829,-0.3217998743057251,0.012914678971283138,2.1290495366393934e-06,920,0.2,0.33083902994791664,-1.4672398020513355,0.38537654280662537,0.016768649220466614
2310144,717,3218,1.0,1,-1.0,-0.038163340761578485,0.0003,0.033301216,0.13036108016967773,0.012655497626401484,2.1020829914332925e-06,930,0.2,0.362646484375,-1.4755655102121332,0.38551175594329834,-0.050025034695863724
2334720,715,3264,1.0,1,-1.0,-0.04337728489457125,0.0003,0.06347431,0.20008409023284912,0.012888674736022948,1.4350099527142094e-06,940,0.2,0.40815836588541665,-1.4687382564879954,0.3825947344303131,-0.046999309211969376
2359296,716,3292,1.0,1,-1.0,-0.03894991911195878,0.0003,0.104846686,0.17186230421066284,0.0125214897794649,1.7040147268517399e-06,950,0.2,0.41966145833333335,-1.4324936834163964,0.37801477313041687,-0.043753087520599365
2383872,719,3311,1.0,1,-1.0,-0.043266378561384045,0.0003,0.035520468,0.5558143556118011,0.01303141945041716,1.7362852681039135e-06,960,0.2,0.38972574869791665,-1.4194717208854855,0.3757559657096863,-0.06286045908927917
2408448,708,3397,1.0,1,-1.0,-0.033716128106364825,0.0003,0.23281477,0.06544756889343262,0.013301067417487503,1.9289914149493254e-06,970,0.2,0.4413655598958333,-1.4056452279289564,0.37410229444503784,-0.05629444867372513
2433024,716,3396,1.0,1,-1.0,-0.02762912168436742,0.0003,0.022982344,0.546472430229187,0.01363552370108664,1.2131537542731108e-06,980,0.2,0.32722574869791665,-1.376726188355436,0.3710747957229614,-0.04540001600980759
2457600,709,3463,1.0,1,-1.0,-0.04169332675774058,0.0003,1.2062082,0.6591956317424774,0.013536859136074782,2.049801752139017e-06,990,0.2,0.5461832682291666,-1.3371007501458128,0.36326682567596436,-0.052420493215322495
2482176,709,3496,1.0,1,-1.0,-0.028079341063130415,0.0003,0.032859903,0.3630734086036682,0.014383129747584463,1.495833097725959e-06,1000,0.2,0.39748942057291664,-1.2660620978102088,0.3583477735519409,-0.02215929888188839
2506752,709,3531,1.0,1,-1.0,-0.04117477488932006,0.0003,0.06363272,0.6732174754142761,0.01408796505536884,4.783900133557839e-06,1010,0.2,0.4750447591145833,-1.2098550932792327,0.35195308923721313,-0.0596117228269577
2531328,717,3526,1.0,1,-1.0,-0.04211872935605546,0.0003,0.03751229,0.7522870600223541,0.014309307420626282,1.6911661860648704e-06,1020,0.2,0.40599365234375,-1.139715405491491,0.34563517570495605,-0.035109974443912506
2555904,707,3613,1.0,1,-1.0,-0.03639479112947205,0.0003,0.030043354,0.7638884335756302,0.013890330395661295,2.9740773594808904e-06,1030,0.2,0.37088216145833336,-1.082940644522508,0.3386654555797577,-0.03878059983253479
2580480,710,3631,1.0,1,-1.0,-0.027235766644783627,0.0003,0.033423837,0.6795251071453094,0.013862528610043228,9.59359150892273e-07,1040,0.2,0.35841064453125,-1.0004832042070726,0.3304012715816498,-0.02076955884695053
2605056,705,3694,1.0,1,-1.0,-0.02204009426034948,0.0003,0.019443797,0.6617045998573303,0.013544492851942778,3.1797666190117036e-06,1050,0.2,0.2714152018229167,-0.9353232223385324,0.32464537024497986,0.005149991251528263
2629632,711,3693,1.0,1,-1.0,-0.01518727066043842,0.0003,0.018680772,0.5266358554363251,0.013313209828920662,8.123332954602473e-07,1060,0.2,0.26394856770833336,-0.8755050571635365,0.31854209303855896,-0.04067983850836754
2654208,709,3740,1.0,1,-1.0,-0.017184348552351972,0.0003,0.021104624,0.6234311759471893,0.012999785230495036,1.8928549667886671e-06,1070,0.2,0.28153076171875,-0.7991264949863156,0.31096190214157104,0.004403361119329929
2678784,707,3786,1.0,1,-1.0,-0.015533126868710194,0.0003,0.018657224,0.6750554442405701,0.012794883833266794,1.5336119418405773e-06,1080,0.2,0.2511189778645833,-0.7251312711741775,0.30446258187294006,-0.046674031764268875
2703360,709,3807,1.0,1,-1.0,-0.0009617160346048573,0.0003,0.011031799,-0.8239079713821411,0.01243870644364506,8.319087535628896e-07,1090,0.2,0.15120442708333334,-0.6791971202939748,0.300162672996521,0.023347822949290276
2727936,710,3838,1.0,1,-1.0,-0.011928457599909355,0.0003,0.01746838,0.6744802892208099,0.012197887180373073,1.6096055786507525e-06,1100,0.2,0.23871256510416666,-0.6023543004722645,0.29354485869407654,-0.007270455826073885
2752512,715,3846,1.0,1,-1.0,-0.008007994049330591,0.0003,0.014008872,0.6337649524211884,0.011810382520779967,9.53927704496621e-07,1110,0.2,0.20540364583333334,-0.5498151333071292,0.2888663411140442,-0.026216711848974228
2777088,714,3889,1.0,1,-1.0,-0.010010515821765391,0.0003,0.015883438,0.7233209013938904,0.011506132241338491,1.055942299133204e-06,1120,0.2,0.21439208984375,-0.49089390556328,0.2835688889026642,0.02154354751110077
2801664,708,3952,1.0,1,-1.0,0.0025356757558862835,0.0003,0.008117391,-4.982183933258057,0.011257922467775643,1.2921281701679573e-06,1130,0.2,0.12118733723958333,-0.4956758823245764,0.2838378846645355,-0.0010572447208687663
2826240,715,3951,1.0,1,-1.0,-0.002951447283946133,0.0003,0.012959172,0.4301133155822754,0.01099999318830669,7.007222045272062e-07,1140,0.2,0.18305257161458333,-0.4422294376883656,0.27968937158584595,-0.024579133838415146
2850816,716,3979,1.0,1,-1.0,-0.0024783740288209324,0.0003,0.012662909,0.1966431736946106,0.01059516326058656,6.558779479264957e-07,1150,0.2,0.17303059895833334,-0.4068779118514309,0.2770560085773468,-0.00890287198126316
2875392,709,4054,1.0,1,-1.0,-0.0038061115125553138,0.0003,0.014684495,0.48740726709365845,0.010323438770137727,1.9965546649222676e-06,1160,0.2,0.20013427734375,-0.35462099824411175,0.27282559871673584,-0.020968327298760414
2899968,710,4083,1.0,1,-1.0,-0.0031996430846144602,0.0003,0.013796565,0.5619182288646698,0.010050416821613908,7.174509760600468e-07,1170,0.2,0.1895263671875,-0.31586876219759386,0.26976191997528076,0.01375623233616352
2924544,708,4124,1.0,1,-1.0,0.0036143477990359923,0.0003,0.009893081,-4.665957450866699,0.009788253628648817,8.026335845253326e-07,1180,0.2,0.12650146484375,-0.2911045612767339,0.2680697441101074,0.034532297402620316
2949120,713,4130,1.0,1,-1.0,-0.0018529315490013686,0.0003,0.021174608,0.3967072367668152,0.009510910781100392,9.393770909633484e-07,1190,0.2,0.21181233723958334,-0.2625299245429536,0.26540130376815796,-0.0006061345338821411
2973696,709,4191,1.0,1,-1.0,-0.0033114395909554636,0.0003,0.042014763,0.4431968927383423,0.009392121639102698,9.394526697489395e-07,1200,0.2,0.23723958333333334,-0.20764270275831223,0.262156218290329,-0.01846289075911045
2998272,716,4184,1.0,1,-1.0,0.0008788452458247775,0.0003,0.011342891,0.043421268463134766,0.00912017815746367,5.800799985254217e-07,1210,0.2,0.15696207682291666,-0.18894316457832852,0.2606183886528015,-0.005357228685170412
3022848,714,4230,1.0,1,-1.0,-0.0019579776422081825,0.0003,0.01856258,0.3898954391479492,0.00891015501692891,1.2569888480355728e-06,1220,0.2,0.22216796875,-0.13849933681388696,0.2568054795265198,-0.0155660854652524
3047424,710,4286,1.0,1,-1.0,-0.004547945795396421,0.0003,0.0154494895,0.5123582780361176,0.008719729809090495,8.850309389486315e-07,1230,0.2,0.21079915364583332,-0.07364767010634145,0.25298288464546204,0.026155050843954086
3072000,705,4351,1.0,1,-1.0,-0.0024585522786461905,0.0003,0.034519058,0.2835719585418701,0.008564830645918847,7.983967763455779e-07,1240,0.2,0.23695475260416668,-0.0351311846015354,0.24991607666015625,-0.009487178176641464
3096576,718,4307,1.0,1,-1.0,0.00013434581427039424,0.0003,0.013095834,0.02819448709487915,0.008334245826117694,1.2236668185168035e-06,1250,0.2,0.17567952473958334,-0.024819477243969837,0.24951627850532532,0.009263476356863976
3121152,703,4436,1.0,1,-1.0,-0.0015896991744133024,0.0003,0.024043797,0.20501494407653809,0.008193639423698187,5.198310318403158e-07,1260,0.2,0.23252766927083332,0.017247734032571314,0.24671202898025513,-0.01911274343729019
3145728,739,4255,1.0,1,-1.0,-0.00257511738006239,0.0003,0.031727348,0.22127187252044678,0.007965433965437115,5.737686906930513e-07,1270,0.2,0.24568684895833334,0.03333786629761259,0.24626487493515015,0.014261442236602306
3170304,716,4423,1.0,1,-1.0,-0.0004024042631499469,0.0003,0.014613706,-0.059693336486816406,0.007784628109075129,4.9879108094536e-07,1280,0.2,0.1899169921875,0.037583882361650466,0.24587970972061157,-0.01264952588826418
3194880,723,4414,1.0,1,-1.0,-0.002281187986955047,0.0003,0.069873236,0.08139753341674805,0.0076260978309437635,6.21807563361045e-07,1290,0.2,0.2476806640625,0.0715991593276461,0.24342800676822662,-0.0064278715290129185
3219456,718,4479,1.0,1,-1.0,0.0012009035747420663,0.0003,0.016525172,-0.3702467679977417,0.007499109371565282,1.3166883256756726e-06,1300,0.2,0.18269856770833334,0.07057882559796175,0.24403923749923706,0.03841651231050491
3244032,722,4489,1.0,1,-1.0,-0.001824533912319263,0.0003,0.018799005,0.07964032888412476,0.007332235691137612,7.607290035833066e-07,1310,0.2,0.2281494140625,0.09105637141813834,0.2425709068775177,0.011309231631457806
3268608,748,4367,1.0,1,-1.0,0.0013424476756578466,0.0003,0.011901014,-0.8971359729766846,0.007171647064387799,5.513303289854851e-07,1320,0.2,0.17048746744791668,0.1260360050946474,0.24004121124744415,-0.018053892999887466
3293184,804,4095,1.0,1,-1.0,0.0015866763534480319,0.0003,0.013841424,-0.4432293176651001,0.00702625481178984,5.562472285854565e-07,1330,0.2,0.16750081380208334,0.14095770098889868,0.23901544511318207,0.012095896527171135
3317760,722,4588,1.0,1,-1.0,0.0016308365439423747,0.0003,0.016178213,-0.42341816425323486,0.006924049856606871,7.565187877517828e-07,1340,0.2,0.17403971354166667,0.1535494014620781,0.23834222555160522,-0.00912000983953476
3342336,765,4363,1.0,1,-1.0,-0.0012590782152983593,0.0003,0.024544045,-0.10763537883758545,0.006727991213556379,1.381981721625125e-06,1350,0.2,0.23155924479166667,0.1802718175885578,0.23604081571102142,-0.008309693075716496
3366912,768,4381,1.0,1,-1.0,0.0002925113763922127,0.0003,0.020043278,-0.17128682136535645,0.0066504842787981034,5.01123430571987e-07,1360,0.2,0.2192138671875,0.21273075540860495,0.23437973856925964,0.02310950681567192
3391488,772,4390,1.0,1,-1.0,0.0015075095041538588,0.0003,0.016036078,-0.40352296829223633,0.006530640944838524,6.582927557056972e-07,1370,0.2,0.1883056640625,0.22779571156327924,0.23312915861606598,0.0006533825653605163
3416064,778,4388,1.0,1,-1.0,0.002979057469201507,0.0003,0.012054879,-0.998729944229126,0.006413503510411828,7.558325527840896e-07,1380,0.2,0.167822265625,0.23994162799790503,0.2325110137462616,0.019975116476416588
3440640,783,4391,1.0,1,-1.0,0.005401096354520026,0.0003,0.011737187,-2.8859827518463135,0.006286198222078383,7.55601797833988e-07,1390,0.2,0.14012451171875,0.23524775377785165,0.2331460416316986,0.0046501802280545235
3465216,762,4543,1.0,1,-1.0,0.0013628923639771528,0.0003,0.014643566,-0.6267468929290771,0.006151831429451704,1.893662734057481e-06,1400,0.2,0.18646647135416666,0.25066584975769124,0.23250535130500793,-0.015609501861035824
3489792,772,4517,1.0,1,-1.0,0.0019208133314047398,0.0003,0.014679364,-0.7832494974136353,0.006039294789079577,1.379789956500177e-06,1410,0.2,0.19644368489583333,0.25358165182794135,0.2317742556333542,0.03610963001847267
3514368,738,4758,1.0,1,-1.0,0.0024595389879929525,0.0003,0.014761941,-0.7079858779907227,0.005905409655533731,5.902542431897769e-07,1420,0.2,0.1863037109375,0.2632294189184904,0.23159772157669067,0.008480214513838291
3538944,754,4690,1.0,1,-1.0,0.0032834132206820263,0.0003,0.011830746,-6.280100345611572,0.0057930649723857645,3.514232708943151e-07,1430,0.2,0.1605712890625,0.26187808740263185,0.23099732398986816,-0.0015442513395100832
3563520,735,4847,1.0,1,-1.0,0.001508921959005723,0.0003,0.015983501,-0.623176097869873,0.005675023018848151,9.787649748488336e-07,1440,0.2,0.19462076822916666,0.27146576161806785,0.2307422012090683,0.015471809543669224
3588096,715,5013,1.0,1,-1.0,0.004575740965325773,0.0003,0.011043966,-2.1938529014587402,0.005581765635870397,5.911341209777672e-07,1450,0.2,0.14405110677083333,0.2571822148437301,0.23103152215480804,-0.010570237413048744
3612672,722,5003,1.0,1,-1.0,0.003929827889563361,0.0003,0.010115921,-1.7166380882263184,0.005460113997105509,3.958666926433726e-07,1460,0.2,0.141162109375,0.2639504204193751,0.23058108985424042,-0.008416255936026573
3637248,713,5098,1.0,1,-1.0,0.0040509212164276205,0.0003,0.011256758,-1.511634349822998,0.0053510188614018265,1.083092835705198e-06,1470,0.2,0.15663248697916668,0.27055219663307073,0.2303358018398285,0.02777174673974514
3661824,719,5087,1.0,1,-1.0,0.003624335875307831,0.0003,0.012991101,-0.804134726524353,0.005265051375608891,1.3909480218024516e-06,1480,0.2,0.17596028645833334,0.28848868046576776,0.22918549180030823,0.04509365186095238
3686400,720,5112,1.0,1,-1.0,0.0030633292259153676,0.0003,0.013955762,-0.9728366136550903,0.005145190933253616,1.4251666585444098e-06,1490,0.2,0.18312581380208334,0.2743447863186399,0.22977052628993988,0.011734198778867722
3710976,725,5115,1.0,1,-1.0,0.004930715215959935,0.0003,0.011712328,-1.503798484802246,0.005033804627601057,3.062987765295918e-07,1500,0.2,0.15541585286458334,0.28416207861155274,0.22889748215675354,-0.023076694458723068
3735552,722,5173,1.0,1,-1.0,0.0027175641486489135,0.0003,0.012991752,-1.0846493244171143,0.0049332384625449775,6.567876496298142e-07,1510,0.2,0.16763102213541667,0.2763241179908315,0.2293655127286911,0.013372237794101238
3760128,726,5177,1.0,1,-1.0,0.005036117721829214,0.0003,0.0110603385,-2.2977333068847656,0.004856665995903313,4.1420463501145217e-07,1520,0.2,0.14884440104166666,0.2781314378293852,0.22935335338115692,-0.026325970888137817
3784704,729,5187,1.0,1,-1.0,0.003571941636740424,0.0003,0.01255928,-1.31276535987854,0.004761915623676032,1.45175399379055e-06,1530,0.2,0.1658203125,0.28878242019563916,0.2287631332874298,0.008685685694217682
3809280,737,5164,1.0,1,-1.0,0.005884784543619996,0.0003,0.010005639,-7.564335823059082,0.004664911075960845,2.7368667734363007e-07,1540,0.2,0.13571370442708333,0.2808274064523478,0.2292340099811554,-0.01739368587732315
3833856,757,5060,1.0,1,-1.0,0.002879447451293042,0.0003,0.013322252,-2.3969032764434814,0.004569059910718352,6.713821143172761e-07,1550,0.2,0.17278238932291667,0.28091841380422317,0.22908072173595428,0.007598062511533499
3858432,781,4938,1.0,1,-1.0,0.004705744230523124,0.0003,0.01102826,-2.2532529830932617,0.004482168105896562,7.424786679731861e-07,1560,0.2,0.14673258463541666,0.2819637200795114,0.22894470393657684,0.017360324040055275
3883008,754,5145,1.0,1,-1.0,0.003492036287934752,0.0003,0.0109583065,-1.414731502532959,0.0044058501510880884,1.857242314205985e-06,1570,0.2,0.16940104166666667,0.29307302748784425,0.228082537651062,-0.011150241829454899
3907584,749,5211,1.0,1,-1.0,0.0038955729545705254,0.0003,0.011353095,-1.5778863430023193,0.004316429833415895,6.61431070362456e-07,1580,0.2,0.16569010416666666,0.3137455885608991,0.2270815223455429,0.02830120176076889
3932160,726,5415,1.0,1,-1.0,0.00365161698537122,0.0003,0.011042223,-0.879413366317749,0.004243992145638913,8.068569955848685e-07,1590,0.2,0.17138264973958334,0.30661635420595607,0.22709901630878448,-0.011793654412031174
3956736,765,5170,1.0,1,-1.0,0.002585578184152837,0.0003,0.013401579,-1.4257934093475342,0.004185947591904551,8.115897296695947e-07,1600,0.2,0.18524576822916666,0.3034882585207621,0.22736868262290955,-0.008909910917282104
3981312,757,5256,1.0,1,-1.0,0.0036314165982427463,0.0003,0.011762756,-1.4976611137390137,0.00412900471361354,7.092753607234696e-07,1610,0.2,0.16529134114583333,0.2953051739372313,0.22789251804351807,-0.015556642785668373
4005888,753,5317,1.0,1,-1.0,0.0019546287369545706,0.0003,0.013768367,-1.219679832458496,0.0040569816483184695,7.898096758045259e-07,1620,0.2,0.18934733072916668,0.26815574954574306,0.22881843149662018,0.014568719081580639
4030464,720,5596,1.0,1,-1.0,0.0034735080623552977,0.0003,0.011729059,-2.3914613723754883,0.003991177836433053,7.032453966944463e-07,1630,0.2,0.1658203125,0.26720549194142224,0.22984901070594788,0.005164699163287878
4055040,693,5847,1.0,1,-1.0,0.0014964631187467602,0.0003,0.014715775,-1.734398365020752,0.003922140432987362,7.111720787674377e-07,1640,0.2,0.19273274739583332,0.24386782155682643,0.23084349930286407,0.005782586522400379
4079616,705,5784,1.0,1,-1.0,0.001729803087800974,0.0003,0.012751465,-1.8938515186309814,0.0038648107508197425,5.300830281093627e-07,1650,0.2,0.17375895182291667,0.23291158092518646,0.23119990527629852,0.02759649232029915
4104192,754,5443,1.0,1,-1.0,-0.0006930300215268896,0.0003,0.015196835,-0.9589601755142212,0.0038134889327920973,7.089321584254071e-07,1660,0.2,0.20667724609375,0.21684525385499,0.2327524870634079,0.04748329520225525
4128768,764,5400,1.0,1,-1.0,-0.00016992321155460862,0.0003,0.015168776,-1.1579439640045166,0.003774492407683283,7.549474787857391e-07,1670,0.2,0.20987548828125,0.19940876175339023,0.23267626762390137,-0.03339952602982521
4153344,765,5423,1.0,1,-1.0,-0.0007014233968220651,0.0003,0.015659712,-1.3207087516784668,0.003736059262882918,9.161324937013068e-07,1680,0.2,0.20884602864583332,0.19265312359978756,0.2336132675409317,0.004331786651164293
4177920,753,5545,1.0,1,-1.0,0.0004433391830389155,0.0003,0.01298958,-1.9438207149505615,0.0036890045017935334,1.1503636509776112e-06,1690,0.2,0.18677571614583333,0.18764225052048764,0.2341698855161667,-0.01225943211466074
4202496,775,5420,1.0,1,-1.0,-0.0017216330164956163,0.0003,0.015287281,-1.7988123893737793,0.003669598652049899,8.308240590960044e-07,1700,0.2,0.21193440755208334,0.19126109744732578,0.2329837828874588,0.004222820978611708
4227072,772,5475,1.0,1,-1.0,-0.0012397593783437819,0.0003,0.016360125,-1.8496012687683105,0.0035819612513296305,1.0291550747961361e-06,1710,0.2,0.21211751302083334,0.20641137302542725,0.23250257968902588,-0.007240783888846636
4251648,766,5547,1.0,1,-1.0,-0.0010546275955372645,0.0003,0.0151020335,-2.3362231254577637,0.0035567211569286885,8.407219074262988e-07,1720,0.2,0.20820719401041668,0.21373559876034656,0.23184368014335632,-0.011386295780539513
4276224,759,5631,1.0,1,-1.0,-0.003039605821686564,0.0003,0.019399822,-1.2830891609191895,0.003506421986967325,5.676431000994908e-07,1730,0.2,0.2454833984375,0.21092842627937594,0.23203329741954803,-0.012708684429526329
4300800,782,5493,1.0,1,-1.0,-0.0062634407300114015,0.0003,0.023587188,-0.8333675861358643,0.0034763887408189474,8.055681291414355e-07,1740,0.2,0.2717814127604167,0.20567689348633092,0.23237116634845734,0.00599314970895648
4325376,778,5557,1.0,1,-1.0,-0.0054042833761438185,0.0003,0.019343058,-0.9757730960845947,0.003489485497120768,8.08461133245536e-07,1750,0.2,0.2504069010416667,0.21540687745437026,0.23150791227817535,-0.0241825170814991
4349952,757,5743,1.0,1,-1.0,-0.006690506540326169,0.0003,0.022788784,-0.34616661071777344,0.0034401041083037855,6.092978226642416e-07,1760,0.2,0.26338297526041665,0.24569505086789528,0.22946545481681824,-0.008386307395994663
4374528,787,5557,1.0,1,-1.0,-0.00031766014096016687,0.0003,0.014598261,-4.838503360748291,0.0033933267882093787,3.790433583015599e-07,1770,0.2,0.19468587239583332,0.2341692613437772,0.23050254583358765,-0.008370473980903625
4399104,766,5737,1.0,1,-1.0,-0.0015075023168416616,0.0003,0.015874563,-2.2689218521118164,0.0034242232539691032,5.15356797187172e-07,1780,0.2,0.19875895182291667,0.20744057955841225,0.23262996971607208,0.0018108010990545154
4423680,766,5774,1.0,1,-1.0,-0.01094279316724472,0.0003,0.028893163,-0.08452761173248291,0.0034232048247940837,1.141595833542101e-06,1790,0.2,0.2729085286458333,0.20265630927557746,0.23235248029232025,-0.0372745618224144
4448256,793,5604,1.0,1,-1.0,-0.006497671774680688,0.0003,0.020183442,-0.43715858459472656,0.0033927468839101494,5.026071946604334e-07,1800,0.2,0.24955240885416666,0.23867068514227868,0.23027250170707703,0.017851820215582848
4472832,741,6032,1.0,1,-1.0,-0.0030919310350630744,0.0003,0.017100465,-0.86603844165802,0.003396468658465892,5.50028704039233e-07,1810,0.2,0.21461995442708334,0.25518742548301815,0.22918793559074402,-0.005945857148617506
4497408,740,6069,1.0,1,-1.0,-0.009015201471508286,0.0003,0.023954993,0.08035314083099365,0.0033420991664752362,5.640232565266856e-07,1820,0.2,0.26322021484375,0.27184683301796514,0.2273676097393036,0.02511560171842575
4521984,761,5941,1.0,1,-1.0,-0.004309869854235634,0.0003,0.017193891,-0.23265409469604492,0.0033999862964265047,1.6292803745592e-06,1830,0.2,0.21686604817708333,0.3142235198058188,0.2255888283252716,-0.020663296803832054
4546560,778,5838,1.0,1,-1.0,-0.005922976423244108,0.0003,0.020229904,-0.1671968698501587,0.003318979040486738,4.0870062607440787e-07,1840,0.2,0.24571533203125,0.34558665718262394,0.22384047508239746,-0.002592360833659768
4571136,794,5751,1.0,1,-1.0,-0.007414334273926215,0.0003,0.028901381,0.10048991441726685,0.003360511411447078,1.2043252119689484e-06,1850,0.2,0.27943115234375,0.3462331675303479,0.22363872826099396,-0.015057473443448544
4595712,765,6004,1.0,1,-1.0,-0.00629159444833931,0.0003,0.025624253,0.1758447289466858,0.0032835042756050826,4.830242414199474e-07,1860,0.2,0.2712158203125,0.3538431171017388,0.22344499826431274,-0.01652718335390091
